Area Name;Unnamed: 1;Year;Variable;Value
Alamance County;;2015;Occ Housing Units Heated by Gas Piped Underground;26122
Alamance County;;2000;Occupied Housing Units Heated by Fuel Oil;2996
Alamance County;;1990;Occ Housing Units Heated by Coal, Wood, Solar, or Other;2541
Alexander County;;2015;Occupied Housing Units Heated by Fuel Oil;1194
Alexander County;;2015;Occ Housing Units Heated by Bottled Tank or LP Gas Fuel;993
Alexander County;;2000;Occ Housing Units Heated by Coal, Wood, Solar, or Other;665
Alexander County;;1990;Occupied Housing Units Heated by Electricity;4095
Alexander County;;1990;Occ Housing Units Heated by Bottled Tank or LP Gas Fuel;413
Alleghany County;;2015;Occupied Housing Units without House Heating Fuel;55
Alleghany County;;2010;Occupied Housing Units without House Heating Fuel;13
Alleghany County;;2010;Occupied Housing Units Heated by Electricity;1811
Alleghany County;;2000;Occupied Housing Units without House Heating Fuel;0
Alleghany County;;1990;Occ Housing Units Heated by Coal, Wood, Solar, or Other;1162
Alleghany County;;1990;Occupied Housing Units Heated by Fuel Oil;1818
Alleghany County;;1990;Occ Housing Units Heated by Bottled Tank or LP Gas Fuel;117
Anson County;;2015;Occupied Housing Units Heated by Electricity;4952
Anson County;;2000;Occupied Housing Units without House Heating Fuel;24
Anson County;;1990;Occupied Housing Units Heated by Electricity;2333
Ashe County;;2015;Occupied Housing Units without House Heating Fuel;10
Ashe County;;2010;Occupied Housing Units without House Heating Fuel;0
Ashe County;;2000;Occupied Housing Units without House Heating Fuel;20
Ashe County;;1990;Occupied Housing Units Heated by Electricity;1344
Avery County;;2015;Occupied Housing Units Heated by Fuel Oil;1836
Beaufort County;;2010;Occ Housing Units Heated by Bottled Tank or LP Gas Fuel;7408
Bertie County;;2015;Occ Housing Units Heated by Bottled Tank or LP Gas Fuel;2318
Bertie County;;2010;Occ Housing Units Heated by Coal, Wood, Solar, or Other;340
Bertie County;;1990;Occ Housing Units Heated by Coal, Wood, Solar, or Other;1541
Bladen County;;2015;Occ Housing Units Heated by Bottled Tank or LP Gas Fuel;3201
Bladen County;;2000;Occ Housing Units Heated by Bottled Tank or LP Gas Fuel;4643
Bladen County;;2000;Occupied Housing Units without House Heating Fuel;49
Brunswick County;;2000;Occ Housing Units Heated by Coal, Wood, Solar, or Other;445
Buncombe County;;2000;Occupied Housing Units Heated by Fuel Oil;27106
Burke County;;2015;Occupied Housing Units without House Heating Fuel;129
Burke County;;2015;Occ Housing Units Heated by Coal, Wood, Solar, or Other;2006
Burke County;;2015;Occ Housing Units Heated by Bottled Tank or LP Gas Fuel;1931
Burke County;;2010;Occ Housing Units Heated by Bottled Tank or LP Gas Fuel;2623
Burke County;;2000;Occ Housing Units Heated by Bottled Tank or LP Gas Fuel;2523
Burke County;;2000;Occupied Housing Units Heated by Fuel Oil;9876
Cabarrus County;;2010;Occ Housing Units Heated by Coal, Wood, Solar, or Other;948
Caldwell County;;2015;Occ Housing Units Heated by Coal, Wood, Solar, or Other;1476
Caldwell County;;2010;Occupied Housing Units Heated by Fuel Oil;5316
Camden County;;2010;Occupied Housing Units Heated by Electricity;2111
Camden County;;2010;Occ Housing Units Heated by Gas Piped Underground;155
Camden County;;1990;Occupied Housing Units Heated by Fuel Oil;803
Carteret County;;2010;Occ Housing Units Heated by Coal, Wood, Solar, or Other;304
Carteret County;;2000;Occ Housing Units Heated by Bottled Tank or LP Gas Fuel;4443
Caswell County;;2015;Occupied Housing Units Heated by Electricity;5067
Caswell County;;2010;Occ Housing Units Heated by Gas Piped Underground;342
Caswell County;;2000;Occ Housing Units Heated by Gas Piped Underground;336
Caswell County;;2000;Occ Housing Units Heated by Bottled Tank or LP Gas Fuel;2539
Catawba County;;2015;Occ Housing Units Heated by Coal, Wood, Solar, or Other;1328
Catawba County;;2010;Occ Housing Units Heated by Coal, Wood, Solar, or Other;1061
Chatham County;;2015;Occupied Housing Units Heated by Fuel Oil;671
Cherokee County;;2010;Occ Housing Units Heated by Coal, Wood, Solar, or Other;939
Cherokee County;;1990;Occupied Housing Units Heated by Fuel Oil;2206
Chowan County;;2015;Occ Housing Units Heated by Gas Piped Underground;484
Chowan County;;2010;Occupied Housing Units Heated by Fuel Oil;591
Clay County;;2015;Occupied Housing Units Heated by Fuel Oil;225
Clay County;;2010;Occupied Housing Units without House Heating Fuel;0
Clay County;;2010;Occupied Housing Units Heated by Fuel Oil;339
Clay County;;2000;Occ Housing Units Heated by Coal, Wood, Solar, or Other;234
Cleveland County;;2015;Occupied Housing Units without House Heating Fuel;196
Cleveland County;;1990;Occ Housing Units Heated by Coal, Wood, Solar, or Other;2812
Columbus County;;2010;Occ Housing Units Heated by Coal, Wood, Solar, or Other;386
Columbus County;;2010;Occupied Housing Units Heated by Electricity;12341
Columbus County;;2010;Occ Housing Units Heated by Bottled Tank or LP Gas Fuel;7263
Columbus County;;1990;Occ Housing Units Heated by Bottled Tank or LP Gas Fuel;4745
Craven County;;2015;Occ Housing Units Heated by Gas Piped Underground;3767
Craven County;;2010;Occ Housing Units Heated by Coal, Wood, Solar, or Other;421
Craven County;;2000;Occ Housing Units Heated by Coal, Wood, Solar, or Other;471
Craven County;;1990;Occ Housing Units Heated by Bottled Tank or LP Gas Fuel;3838
Cumberland County;;2015;Occ Housing Units Heated by Coal, Wood, Solar, or Other;727
Cumberland County;;2015;Occupied Housing Units Heated by Electricity;89504
Cumberland County;;2015;Occ Housing Units Heated by Gas Piped Underground;23833
Cumberland County;;2000;Occ Housing Units Heated by Coal, Wood, Solar, or Other;738
Cumberland County;;1990;Occ Housing Units Heated by Gas Piped Underground;15360
Currituck County;;2015;Occ Housing Units Heated by Coal, Wood, Solar, or Other;298
Currituck County;;2010;Occupied Housing Units Heated by Electricity;6715
Currituck County;;1990;Occupied Housing Units without House Heating Fuel;6
Dare County;;2015;Occ Housing Units Heated by Coal, Wood, Solar, or Other;169
Dare County;;2015;Occupied Housing Units Heated by Fuel Oil;193
Dare County;;2000;Occ Housing Units Heated by Bottled Tank or LP Gas Fuel;1595
Dare County;;1990;Occupied Housing Units Heated by Fuel Oil;1369
Davidson County;;2015;Occ Housing Units Heated by Coal, Wood, Solar, or Other;1959
Davidson County;;2015;Occ Housing Units Heated by Gas Piped Underground;10099
Davidson County;;2000;Occ Housing Units Heated by Coal, Wood, Solar, or Other;1672
Davie County;;2015;Occupied Housing Units Heated by Electricity;10733
Davie County;;2000;Occ Housing Units Heated by Bottled Tank or LP Gas Fuel;950
Davie County;;2000;Occupied Housing Units Heated by Electricity;8011
Duplin County;;2015;Occ Housing Units Heated by Coal, Wood, Solar, or Other;312
Duplin County;;1990;Occupied Housing Units without House Heating Fuel;41
Duplin County;;1990;Occupied Housing Units Heated by Fuel Oil;2955
Durham County;;2015;Occupied Housing Units without House Heating Fuel;403
Durham County;;2015;Occ Housing Units Heated by Gas Piped Underground;46304
Durham County;;2010;Occupied Housing Units Heated by Electricity;54937
Edgecombe County;;2010;Occ Housing Units Heated by Bottled Tank or LP Gas Fuel;4600
Edgecombe County;;2000;Occ Housing Units Heated by Coal, Wood, Solar, or Other;461
Forsyth County;;2015;Occupied Housing Units without House Heating Fuel;436
Forsyth County;;2010;Occ Housing Units Heated by Bottled Tank or LP Gas Fuel;3465
Forsyth County;;2000;Occupied Housing Units Heated by Fuel Oil;22223
Forsyth County;;2000;Occupied Housing Units without House Heating Fuel;356
Forsyth County;;1990;Occupied Housing Units without House Heating Fuel;191
Forsyth County;;1990;Occupied Housing Units Heated by Fuel Oil;30590
Forsyth County;;1990;Occ Housing Units Heated by Bottled Tank or LP Gas Fuel;2243
Franklin County;;2010;Occ Housing Units Heated by Coal, Wood, Solar, or Other;719
Franklin County;;2010;Occ Housing Units Heated by Bottled Tank or LP Gas Fuel;5993
Franklin County;;2000;Occ Housing Units Heated by Bottled Tank or LP Gas Fuel;6071
Franklin County;;1990;Occupied Housing Units without House Heating Fuel;21
Franklin County;;1990;Occ Housing Units Heated by Coal, Wood, Solar, or Other;1738
Gaston County;;2015;Occupied Housing Units without House Heating Fuel;304
Gaston County;;2015;Occupied Housing Units Heated by Electricity;39478
Gates County;;2015;Occupied Housing Units without House Heating Fuel;29
Gates County;;1990;Occ Housing Units Heated by Coal, Wood, Solar, or Other;666
Graham County;;2010;Occupied Housing Units without House Heating Fuel;0
Graham County;;2010;Occ Housing Units Heated by Gas Piped Underground;63
Granville County;;2015;Occ Housing Units Heated by Bottled Tank or LP Gas Fuel;3071
Granville County;;2010;Occ Housing Units Heated by Coal, Wood, Solar, or Other;822
Granville County;;2010;Occ Housing Units Heated by Bottled Tank or LP Gas Fuel;4080
Granville County;;2010;Occ Housing Units Heated by Gas Piped Underground;2574
Granville County;;2000;Occ Housing Units Heated by Bottled Tank or LP Gas Fuel;4249
Greene County;;2015;Occupied Housing Units without House Heating Fuel;0
Greene County;;2015;Occupied Housing Units Heated by Fuel Oil;158
Greene County;;2015;Occ Housing Units Heated by Bottled Tank or LP Gas Fuel;1498
Greene County;;2000;Occ Housing Units Heated by Coal, Wood, Solar, or Other;233
Greene County;;1990;Occ Housing Units Heated by Coal, Wood, Solar, or Other;598
Greene County;;1990;Occ Housing Units Heated by Bottled Tank or LP Gas Fuel;1295
Greene County;;1990;Occ Housing Units Heated by Gas Piped Underground;214
Guilford County;;2010;Occ Housing Units Heated by Coal, Wood, Solar, or Other;1771
Guilford County;;2010;Occ Housing Units Heated by Bottled Tank or LP Gas Fuel;7944
Guilford County;;2000;Occ Housing Units Heated by Bottled Tank or LP Gas Fuel;7941
Guilford County;;1990;Occupied Housing Units without House Heating Fuel;190
Halifax County;;2010;Occupied Housing Units without House Heating Fuel;22
Halifax County;;2010;Occupied Housing Units Heated by Fuel Oil;2265
Halifax County;;2000;Occupied Housing Units Heated by Fuel Oil;3224
Halifax County;;1990;Occ Housing Units Heated by Gas Piped Underground;3276
Harnett County;;2015;Occupied Housing Units without House Heating Fuel;164
Harnett County;;2015;Occ Housing Units Heated by Bottled Tank or LP Gas Fuel;4895
Harnett County;;2010;Occ Housing Units Heated by Coal, Wood, Solar, or Other;462
Harnett County;;2010;Occupied Housing Units Heated by Fuel Oil;542
Harnett County;;2000;Occ Housing Units Heated by Bottled Tank or LP Gas Fuel;7631
Harnett County;;2000;Occ Housing Units Heated by Coal, Wood, Solar, or Other;519
Henderson County;;2010;Occupied Housing Units without House Heating Fuel;207
Henderson County;;2010;Occ Housing Units Heated by Bottled Tank or LP Gas Fuel;3696
Henderson County;;2010;Occ Housing Units Heated by Gas Piped Underground;12819
Henderson County;;1990;Occ Housing Units Heated by Bottled Tank or LP Gas Fuel;1260
Hertford County;;2015;Occupied Housing Units Heated by Electricity;5152
Hertford County;;2010;Occ Housing Units Heated by Coal, Wood, Solar, or Other;269
Hertford County;;2000;Occ Housing Units Heated by Gas Piped Underground;709
Hertford County;;2000;Occupied Housing Units Heated by Fuel Oil;1733
Hertford County;;2000;Occupied Housing Units Heated by Electricity;4084
Hertford County;;1990;Occupied Housing Units without House Heating Fuel;20
Hertford County;;1990;Occ Housing Units Heated by Coal, Wood, Solar, or Other;1041
Hertford County;;1990;Occ Housing Units Heated by Gas Piped Underground;550
Hoke County;;2010;Occupied Housing Units Heated by Electricity;10903
Iredell County;;2015;Occupied Housing Units without House Heating Fuel;213
Iredell County;;2010;Occupied Housing Units Heated by Fuel Oil;3386
Iredell County;;2010;Occ Housing Units Heated by Bottled Tank or LP Gas Fuel;2970
Jackson County;;2010;Occ Housing Units Heated by Coal, Wood, Solar, or Other;1280
Jackson County;;2010;Occupied Housing Units Heated by Electricity;8469
Johnston County;;1990;Occupied Housing Units without House Heating Fuel;94
Johnston County;;1990;Occ Housing Units Heated by Gas Piped Underground;1029
Jones County;;2015;Occupied Housing Units Heated by Fuel Oil;141
Jones County;;2015;Occupied Housing Units Heated by Electricity;2934
Jones County;;2010;Occ Housing Units Heated by Bottled Tank or LP Gas Fuel;995
Jones County;;1990;Occ Housing Units Heated by Coal, Wood, Solar, or Other;514
Jones County;;1990;Occupied Housing Units Heated by Fuel Oil;934
Jones County;;1990;Occupied Housing Units Heated by Electricity;1192
Lee County;;2010;Occupied Housing Units Heated by Fuel Oil;762
Lee County;;1990;Occ Housing Units Heated by Coal, Wood, Solar, or Other;1052
Lenoir County;;2010;Occupied Housing Units Heated by Fuel Oil;819
Lenoir County;;1990;Occupied Housing Units Heated by Electricity;7648
Lincoln County;;2015;Occ Housing Units Heated by Coal, Wood, Solar, or Other;875
Lincoln County;;2010;Occupied Housing Units Heated by Electricity;19658
Lincoln County;;1990;Occ Housing Units Heated by Coal, Wood, Solar, or Other;2334
Lincoln County;;1990;Occupied Housing Units Heated by Electricity;8831
McDowell County;;2015;Occupied Housing Units Heated by Electricity;11033
McDowell County;;2015;Occ Housing Units Heated by Bottled Tank or LP Gas Fuel;1615
McDowell County;;2010;Occupied Housing Units Heated by Fuel Oil;4875
McDowell County;;2010;Occ Housing Units Heated by Gas Piped Underground;500
McDowell County;;1990;Occ Housing Units Heated by Gas Piped Underground;16
Macon County;;2015;Occ Housing Units Heated by Gas Piped Underground;489
Macon County;;2010;Occ Housing Units Heated by Bottled Tank or LP Gas Fuel;4361
Macon County;;1990;Occ Housing Units Heated by Bottled Tank or LP Gas Fuel;1082
Macon County;;1990;Occ Housing Units Heated by Gas Piped Underground;42
Madison County;;2015;Occupied Housing Units Heated by Electricity;3055
Madison County;;2000;Occupied Housing Units without House Heating Fuel;2
Martin County;;2000;Occ Housing Units Heated by Bottled Tank or LP Gas Fuel;4107
Martin County;;2000;Occupied Housing Units without House Heating Fuel;19
Martin County;;1990;Occ Housing Units Heated by Gas Piped Underground;50
Mecklenburg County;;2000;Occupied Housing Units Heated by Electricity;118653
Mitchell County;;2010;Occupied Housing Units Heated by Electricity;1753
Mitchell County;;2000;Occupied Housing Units Heated by Electricity;1016
Mitchell County;;1990;Occ Housing Units Heated by Coal, Wood, Solar, or Other;1319
Montgomery County;;1990;Occupied Housing Units Heated by Fuel Oil;3205
Moore County;;2015;Occupied Housing Units Heated by Fuel Oil;1053
Moore County;;2015;Occ Housing Units Heated by Bottled Tank or LP Gas Fuel;3523
Moore County;;1990;Occupied Housing Units Heated by Electricity;11913
Nash County;;2000;Occupied Housing Units without House Heating Fuel;59
Nash County;;1990;Occupied Housing Units Heated by Fuel Oil;4092
Nash County;;1990;Occupied Housing Units Heated by Electricity;11035
Nash County;;1990;Occ Housing Units Heated by Bottled Tank or LP Gas Fuel;5543
Nash County;;1990;Occ Housing Units Heated by Gas Piped Underground;5578
New Hanover County;;2015;Occ Housing Units Heated by Coal, Wood, Solar, or Other;311
New Hanover County;;2010;Occ Housing Units Heated by Gas Piped Underground;7097
New Hanover County;;1990;Occupied Housing Units Heated by Fuel Oil;6366
Northampton County;;2015;Occupied Housing Units without House Heating Fuel;28
Northampton County;;1990;Occupied Housing Units without House Heating Fuel;13
Onslow County;;2000;Occupied Housing Units Heated by Electricity;40434
Orange County;;2015;Occ Housing Units Heated by Coal, Wood, Solar, or Other;1278
Orange County;;2010;Occupied Housing Units without House Heating Fuel;104
Pamlico County;;2015;Occupied Housing Units without House Heating Fuel;20
Pamlico County;;2015;Occ Housing Units Heated by Coal, Wood, Solar, or Other;105
Pamlico County;;2015;Occupied Housing Units Heated by Fuel Oil;159
Pamlico County;;1990;Occ Housing Units Heated by Coal, Wood, Solar, or Other;458
Pasquotank County;;2015;Occupied Housing Units Heated by Fuel Oil;816
Pasquotank County;;2015;Occupied Housing Units Heated by Electricity;10655
Pasquotank County;;2000;Occ Housing Units Heated by Bottled Tank or LP Gas Fuel;2836
Pender County;;2015;Occ Housing Units Heated by Coal, Wood, Solar, or Other;316
Pender County;;2015;Occ Housing Units Heated by Gas Piped Underground;370
Pender County;;2010;Occ Housing Units Heated by Bottled Tank or LP Gas Fuel;3646
Pender County;;2000;Occ Housing Units Heated by Bottled Tank or LP Gas Fuel;2987
Pender County;;1990;Occ Housing Units Heated by Gas Piped Underground;96
Perquimans County;;2000;Occupied Housing Units Heated by Electricity;1921
Person County;;2015;Occ Housing Units Heated by Coal, Wood, Solar, or Other;851
Person County;;2010;Occupied Housing Units without House Heating Fuel;71
Person County;;2010;Occ Housing Units Heated by Gas Piped Underground;2501
Pitt County;;2015;Occ Housing Units Heated by Coal, Wood, Solar, or Other;381
Pitt County;;2010;Occupied Housing Units Heated by Fuel Oil;1143
Pitt County;;2010;Occ Housing Units Heated by Gas Piped Underground;13053
Pitt County;;2000;Occ Housing Units Heated by Gas Piped Underground;11320
Pitt County;;2000;Occupied Housing Units without House Heating Fuel;164
Polk County;;2010;Occupied Housing Units Heated by Electricity;4854
Polk County;;2000;Occ Housing Units Heated by Gas Piped Underground;778
Randolph County;;2015;Occupied Housing Units Heated by Electricity;35039
Randolph County;;2015;Occ Housing Units Heated by Bottled Tank or LP Gas Fuel;5446
Randolph County;;2010;Occ Housing Units Heated by Bottled Tank or LP Gas Fuel;7219
Richmond County;;2015;Occupied Housing Units Heated by Fuel Oil;675
Richmond County;;2015;Occ Housing Units Heated by Gas Piped Underground;3025
Richmond County;;2010;Occ Housing Units Heated by Gas Piped Underground;3233
Richmond County;;2000;Occ Housing Units Heated by Bottled Tank or LP Gas Fuel;3909
Richmond County;;1990;Occupied Housing Units without House Heating Fuel;30
Robeson County;;2015;Occ Housing Units Heated by Bottled Tank or LP Gas Fuel;5994
Robeson County;;2010;Occ Housing Units Heated by Coal, Wood, Solar, or Other;1286
Rockingham County;;2015;Occ Housing Units Heated by Gas Piped Underground;9346
Rockingham County;;2000;Occ Housing Units Heated by Bottled Tank or LP Gas Fuel;3684
Rockingham County;;2000;Occ Housing Units Heated by Coal, Wood, Solar, or Other;1517
Rockingham County;;1990;Occ Housing Units Heated by Coal, Wood, Solar, or Other;3466
Rockingham County;;1990;Occ Housing Units Heated by Bottled Tank or LP Gas Fuel;1973
Rowan County;;2015;Occupied Housing Units without House Heating Fuel;172
Rowan County;;2010;Occupied Housing Units without House Heating Fuel;138
Rowan County;;2010;Occupied Housing Units Heated by Fuel Oil;4012
Rutherford County;;2015;Occupied Housing Units Heated by Electricity;17406
Rutherford County;;1990;Occupied Housing Units Heated by Electricity;7632
Rutherford County;;1990;Occ Housing Units Heated by Bottled Tank or LP Gas Fuel;1404
Rutherford County;;1990;Occ Housing Units Heated by Gas Piped Underground;2052
Sampson County;;2015;Occupied Housing Units without House Heating Fuel;135
Sampson County;;2015;Occupied Housing Units Heated by Electricity;15910
Sampson County;;2000;Occ Housing Units Heated by Gas Piped Underground;1597
Sampson County;;1990;Occupied Housing Units without House Heating Fuel;42
Scotland County;;2010;Occupied Housing Units Heated by Electricity;8470
Scotland County;;2010;Occ Housing Units Heated by Gas Piped Underground;1943
Scotland County;;2000;Occ Housing Units Heated by Gas Piped Underground;2298
Stanly County;;2010;Occ Housing Units Heated by Gas Piped Underground;2085
Stanly County;;1990;Occ Housing Units Heated by Bottled Tank or LP Gas Fuel;1511
Stokes County;;2015;Occupied Housing Units without House Heating Fuel;43
Stokes County;;2015;Occ Housing Units Heated by Coal, Wood, Solar, or Other;1340
Stokes County;;2010;Occ Housing Units Heated by Gas Piped Underground;372
Stokes County;;2000;Occ Housing Units Heated by Coal, Wood, Solar, or Other;1223
Stokes County;;2000;Occupied Housing Units without House Heating Fuel;65
Stokes County;;1990;Occupied Housing Units Heated by Electricity;5769
Stokes County;;1990;Occ Housing Units Heated by Bottled Tank or LP Gas Fuel;629
Stokes County;;2000;Occupied Housing Units Heated by Electricity;9842
Surry County;;1990;Occ Housing Units Heated by Coal, Wood, Solar, or Other;3432
Swain County;;2015;Occ Housing Units Heated by Gas Piped Underground;137
Swain County;;2000;Occ Housing Units Heated by Coal, Wood, Solar, or Other;647
Swain County;;1990;Occupied Housing Units Heated by Electricity;1076
Swain County;;1990;Occ Housing Units Heated by Bottled Tank or LP Gas Fuel;215
Transylvania County;;1990;Occupied Housing Units Heated by Fuel Oil;2725
Tyrrell County;;2015;Occ Housing Units Heated by Coal, Wood, Solar, or Other;87
Tyrrell County;;2015;Occupied Housing Units Heated by Electricity;919
Tyrrell County;;2000;Occupied Housing Units Heated by Fuel Oil;237
Tyrrell County;;2000;Occupied Housing Units without House Heating Fuel;11
Tyrrell County;;1990;Occupied Housing Units without House Heating Fuel;6
Union County;;2015;Occ Housing Units Heated by Coal, Wood, Solar, or Other;1505
Union County;;2010;Occ Housing Units Heated by Bottled Tank or LP Gas Fuel;7344
Vance County;;2015;Occ Housing Units Heated by Gas Piped Underground;2391
Vance County;;2010;Occupied Housing Units without House Heating Fuel;8
Vance County;;2000;Occupied Housing Units without House Heating Fuel;14
Vance County;;1990;Occ Housing Units Heated by Gas Piped Underground;2442
Wake County;;2015;Occupied Housing Units without House Heating Fuel;674
Wake County;;2015;Occ Housing Units Heated by Coal, Wood, Solar, or Other;1232
Wake County;;2015;Occ Housing Units Heated by Gas Piped Underground;154576
Wake County;;1990;Occupied Housing Units without House Heating Fuel;170
Wake County;;2000;Occupied Housing Units Heated by Electricity;117273
Warren County;;2015;Occupied Housing Units without House Heating Fuel;8
Warren County;;2000;Occupied Housing Units Heated by Fuel Oil;1576
Warren County;;1990;Occ Housing Units Heated by Coal, Wood, Solar, or Other;1682
Washington County;;2010;Occupied Housing Units Heated by Fuel Oil;577
Washington County;;1990;Occupied Housing Units without House Heating Fuel;22
Washington County;;1990;Occupied Housing Units Heated by Electricity;1541
Watauga County;;2015;Occupied Housing Units without House Heating Fuel;93
Watauga County;;2015;Occ Housing Units Heated by Gas Piped Underground;689
Watauga County;;2010;Occupied Housing Units without House Heating Fuel;29
Watauga County;;2010;Occ Housing Units Heated by Coal, Wood, Solar, or Other;1456
Watauga County;;2010;Occupied Housing Units Heated by Electricity;10014
Watauga County;;1990;Occupied Housing Units Heated by Fuel Oil;5311
Wayne County;;2010;Occupied Housing Units Heated by Fuel Oil;1111
Wayne County;;1990;Occupied Housing Units without House Heating Fuel;39
Wilkes County;;2010;Occ Housing Units Heated by Bottled Tank or LP Gas Fuel;4199
Wilkes County;;2000;Occupied Housing Units Heated by Fuel Oil;8419
Wilkes County;;1990;Occupied Housing Units without House Heating Fuel;17
Wilson County;;2015;Occupied Housing Units Heated by Electricity;17184
Wilson County;;2010;Occupied Housing Units Heated by Electricity;15042
Wilson County;;1990;Occupied Housing Units without House Heating Fuel;29
Wilson County;;1990;Occ Housing Units Heated by Gas Piped Underground;7318
Yadkin County;;2015;Occupied Housing Units Heated by Electricity;10955
Yadkin County;;2010;Occupied Housing Units without House Heating Fuel;75
Yadkin County;;2000;Occupied Housing Units Heated by Fuel Oil;4412
Yadkin County;;1990;Occupied Housing Units without House Heating Fuel;11
Yadkin County;;1990;Occupied Housing Units Heated by Electricity;4837
Yancey County;;2015;Occupied Housing Units without House Heating Fuel;5
Yancey County;;2015;Occupied Housing Units Heated by Electricity;1904
Yancey County;;2015;Occ Housing Units Heated by Bottled Tank or LP Gas Fuel;1029
Yancey County;;2010;Occupied Housing Units Heated by Electricity;1261
Yancey County;;2010;Occ Housing Units Heated by Bottled Tank or LP Gas Fuel;836
Yancey County;;2000;Occupied Housing Units without House Heating Fuel;0
Alamance County;;2015;Occupied Housing Units Heated by Electricity;26576
Alamance County;;2015;Occ Housing Units Heated by Bottled Tank or LP Gas Fuel;5119
Alamance County;;2010;Occ Housing Units Heated by Coal, Wood, Solar, or Other;1243
Alamance County;;2010;Occ Housing Units Heated by Bottled Tank or LP Gas Fuel;6194
Alamance County;;1990;Occ Housing Units Heated by Bottled Tank or LP Gas Fuel;4006
Alexander County;;2015;Occ Housing Units Heated by Coal, Wood, Solar, or Other;728
Alexander County;;2010;Occupied Housing Units without House Heating Fuel;89
Alexander County;;2010;Occ Housing Units Heated by Gas Piped Underground;417
Alexander County;;1990;Occupied Housing Units without House Heating Fuel;36
Alleghany County;;2015;Occ Housing Units Heated by Bottled Tank or LP Gas Fuel;676
Alleghany County;;2010;Occ Housing Units Heated by Coal, Wood, Solar, or Other;556
Alleghany County;;2010;Occupied Housing Units Heated by Fuel Oil;1829
Alleghany County;;2010;Occ Housing Units Heated by Bottled Tank or LP Gas Fuel;684
Anson County;;2015;Occ Housing Units Heated by Coal, Wood, Solar, or Other;426
Ashe County;;2015;Occ Housing Units Heated by Coal, Wood, Solar, or Other;1771
Ashe County;;2010;Occupied Housing Units Heated by Fuel Oil;5173
Ashe County;;2000;Occupied Housing Units Heated by Fuel Oil;6478
Ashe County;;2000;Occ Housing Units Heated by Coal, Wood, Solar, or Other;1082
Ashe County;;1990;Occ Housing Units Heated by Bottled Tank or LP Gas Fuel;141
Avery County;;2015;Occupied Housing Units Heated by Electricity;2652
Avery County;;2010;Occupied Housing Units without House Heating Fuel;0
Avery County;;2010;Occupied Housing Units Heated by Fuel Oil;2152
Avery County;;2000;Occ Housing Units Heated by Coal, Wood, Solar, or Other;545
Avery County;;2000;Occupied Housing Units Heated by Electricity;1233
Avery County;;1990;Occ Housing Units Heated by Coal, Wood, Solar, or Other;1480
Beaufort County;;2010;Occ Housing Units Heated by Gas Piped Underground;2450
Beaufort County;;2000;Occ Housing Units Heated by Gas Piped Underground;2571
Beaufort County;;2000;Occ Housing Units Heated by Bottled Tank or LP Gas Fuel;7282
Beaufort County;;2000;Occ Housing Units Heated by Coal, Wood, Solar, or Other;462
Beaufort County;;2000;Occupied Housing Units without House Heating Fuel;58
Bladen County;;2015;Occupied Housing Units Heated by Electricity;9614
Bladen County;;2010;Occ Housing Units Heated by Coal, Wood, Solar, or Other;456
Bladen County;;2010;Occupied Housing Units Heated by Fuel Oil;858
Bladen County;;2000;Occupied Housing Units Heated by Fuel Oil;1105
Bladen County;;1990;Occupied Housing Units Heated by Fuel Oil;2653
Brunswick County;;2010;Occupied Housing Units Heated by Electricity;35902
Brunswick County;;2000;Occ Housing Units Heated by Bottled Tank or LP Gas Fuel;6183
Buncombe County;;2015;Occ Housing Units Heated by Coal, Wood, Solar, or Other;4858
Buncombe County;;2010;Occupied Housing Units without House Heating Fuel;319
Buncombe County;;2010;Occupied Housing Units Heated by Fuel Oil;19942
Burke County;;2010;Occ Housing Units Heated by Coal, Wood, Solar, or Other;1689
Burke County;;1990;Occ Housing Units Heated by Bottled Tank or LP Gas Fuel;916
Cabarrus County;;2015;Occupied Housing Units Heated by Fuel Oil;1500
Cabarrus County;;2015;Occupied Housing Units Heated by Electricity;32765
Cabarrus County;;2015;Occ Housing Units Heated by Bottled Tank or LP Gas Fuel;2185
Cabarrus County;;2015;Occ Housing Units Heated by Gas Piped Underground;29797
Cabarrus County;;2000;Occ Housing Units Heated by Gas Piped Underground;19468
Cabarrus County;;2000;Occ Housing Units Heated by Coal, Wood, Solar, or Other;791
Cabarrus County;;1990;Occ Housing Units Heated by Coal, Wood, Solar, or Other;1886
Caldwell County;;2015;Occupied Housing Units without House Heating Fuel;239
Caldwell County;;2015;Occupied Housing Units Heated by Fuel Oil;4397
Caldwell County;;2015;Occupied Housing Units Heated by Electricity;20506
Caldwell County;;2000;Occ Housing Units Heated by Coal, Wood, Solar, or Other;1553
Camden County;;2015;Occupied Housing Units Heated by Fuel Oil;180
Camden County;;2000;Occ Housing Units Heated by Coal, Wood, Solar, or Other;46
Camden County;;1990;Occupied Housing Units without House Heating Fuel;0
Carteret County;;2015;Occupied Housing Units without House Heating Fuel;101
Carteret County;;2015;Occupied Housing Units Heated by Fuel Oil;433
Carteret County;;2010;Occupied Housing Units Heated by Electricity;23539
Carteret County;;1990;Occupied Housing Units without House Heating Fuel;37
Carteret County;;1990;Occ Housing Units Heated by Gas Piped Underground;82
Caswell County;;2015;Occupied Housing Units without House Heating Fuel;33
Caswell County;;2015;Occ Housing Units Heated by Coal, Wood, Solar, or Other;929
Caswell County;;2015;Occ Housing Units Heated by Bottled Tank or LP Gas Fuel;1509
Caswell County;;1990;Occupied Housing Units Heated by Fuel Oil;2188
Catawba County;;2010;Occ Housing Units Heated by Bottled Tank or LP Gas Fuel;2232
Catawba County;;2000;Occupied Housing Units without House Heating Fuel;203
Chatham County;;2010;Occ Housing Units Heated by Coal, Wood, Solar, or Other;1217
Chatham County;;2000;Occ Housing Units Heated by Gas Piped Underground;3066
Cherokee County;;2015;Occupied Housing Units Heated by Fuel Oil;873
Cherokee County;;2010;Occupied Housing Units without House Heating Fuel;27
Cherokee County;;2000;Occ Housing Units Heated by Bottled Tank or LP Gas Fuel;3016
Cherokee County;;2000;Occupied Housing Units without House Heating Fuel;17
Cherokee County;;2000;Occupied Housing Units Heated by Electricity;3930
Cherokee County;;1990;Occ Housing Units Heated by Gas Piped Underground;24
Chowan County;;2015;Occupied Housing Units Heated by Electricity;3255
Chowan County;;2010;Occupied Housing Units Heated by Electricity;2496
Chowan County;;2010;Occ Housing Units Heated by Gas Piped Underground;444
Chowan County;;2000;Occ Housing Units Heated by Gas Piped Underground;210
Chowan County;;2000;Occ Housing Units Heated by Coal, Wood, Solar, or Other;133
Clay County;;2010;Occupied Housing Units Heated by Electricity;1846
Clay County;;1990;Occupied Housing Units without House Heating Fuel;0
Clay County;;1990;Occ Housing Units Heated by Bottled Tank or LP Gas Fuel;437
Cleveland County;;2015;Occ Housing Units Heated by Bottled Tank or LP Gas Fuel;913
Cleveland County;;2010;Occupied Housing Units Heated by Electricity;22462
Cleveland County;;2010;Occ Housing Units Heated by Bottled Tank or LP Gas Fuel;1709
Cleveland County;;1990;Occupied Housing Units Heated by Fuel Oil;8312
Cleveland County;;1990;Occ Housing Units Heated by Gas Piped Underground;6225
Columbus County;;2010;Occupied Housing Units without House Heating Fuel;137
Craven County;;2010;Occupied Housing Units without House Heating Fuel;188
Cumberland County;;2010;Occ Housing Units Heated by Bottled Tank or LP Gas Fuel;8504
Cumberland County;;2000;Occupied Housing Units without House Heating Fuel;419
Cumberland County;;1990;Occupied Housing Units Heated by Fuel Oil;14620
Cumberland County;;1990;Occ Housing Units Heated by Bottled Tank or LP Gas Fuel;7755
Dare County;;2015;Occ Housing Units Heated by Gas Piped Underground;191
Dare County;;1990;Occ Housing Units Heated by Bottled Tank or LP Gas Fuel;758
Davidson County;;2015;Occ Housing Units Heated by Bottled Tank or LP Gas Fuel;2727
Davidson County;;2010;Occ Housing Units Heated by Coal, Wood, Solar, or Other;1914
Davidson County;;1990;Occupied Housing Units Heated by Fuel Oil;15719
Davie County;;2015;Occ Housing Units Heated by Coal, Wood, Solar, or Other;585
Davie County;;2010;Occupied Housing Units without House Heating Fuel;75
Davie County;;2010;Occ Housing Units Heated by Bottled Tank or LP Gas Fuel;954
Davie County;;1990;Occupied Housing Units without House Heating Fuel;35
Duplin County;;2015;Occ Housing Units Heated by Bottled Tank or LP Gas Fuel;4828
Duplin County;;2010;Occ Housing Units Heated by Bottled Tank or LP Gas Fuel;6949
Duplin County;;2000;Occupied Housing Units Heated by Fuel Oil;881
Duplin County;;1990;Occupied Housing Units Heated by Electricity;4714
Durham County;;2015;Occupied Housing Units Heated by Electricity;64213
Edgecombe County;;2000;Occ Housing Units Heated by Gas Piped Underground;6276
Edgecombe County;;2000;Occupied Housing Units Heated by Fuel Oil;1146
Forsyth County;;2015;Occ Housing Units Heated by Coal, Wood, Solar, or Other;1155
Forsyth County;;2015;Occ Housing Units Heated by Gas Piped Underground;40937
Forsyth County;;1990;Occupied Housing Units Heated by Electricity;51608
Franklin County;;2015;Occ Housing Units Heated by Coal, Wood, Solar, or Other;553
Franklin County;;2010;Occupied Housing Units Heated by Electricity;14060
Franklin County;;1990;Occ Housing Units Heated by Bottled Tank or LP Gas Fuel;3723
Gaston County;;2015;Occ Housing Units Heated by Bottled Tank or LP Gas Fuel;2625
Gaston County;;2010;Occ Housing Units Heated by Coal, Wood, Solar, or Other;1289
Gaston County;;2000;Occupied Housing Units Heated by Electricity;27862
Gaston County;;1990;Occupied Housing Units without House Heating Fuel;68
Gates County;;2010;Occupied Housing Units without House Heating Fuel;0
Graham County;;2015;Occ Housing Units Heated by Bottled Tank or LP Gas Fuel;520
Granville County;;2015;Occ Housing Units Heated by Coal, Wood, Solar, or Other;954
Greene County;;2015;Occupied Housing Units Heated by Electricity;4962
Greene County;;2010;Occupied Housing Units Heated by Fuel Oil;296
Greene County;;2000;Occ Housing Units Heated by Gas Piped Underground;376
Greene County;;2000;Occupied Housing Units Heated by Fuel Oil;589
Guilford County;;2015;Occ Housing Units Heated by Gas Piped Underground;82119
Guilford County;;2010;Occupied Housing Units Heated by Electricity;87088
Guilford County;;2000;Occupied Housing Units without House Heating Fuel;345
Guilford County;;1990;Occ Housing Units Heated by Gas Piped Underground;48770
Halifax County;;2015;Occ Housing Units Heated by Bottled Tank or LP Gas Fuel;4110
Halifax County;;2010;Occupied Housing Units Heated by Electricity;9850
Halifax County;;2010;Occ Housing Units Heated by Gas Piped Underground;3944
Harnett County;;2000;Occupied Housing Units Heated by Fuel Oil;1506
Haywood County;;2015;Occupied Housing Units Heated by Electricity;12737
Haywood County;;2010;Occ Housing Units Heated by Gas Piped Underground;641
Haywood County;;1990;Occ Housing Units Heated by Bottled Tank or LP Gas Fuel;971
Haywood County;;1990;Occ Housing Units Heated by Gas Piped Underground;81
Henderson County;;2000;Occ Housing Units Heated by Bottled Tank or LP Gas Fuel;3317
Henderson County;;1990;Occ Housing Units Heated by Gas Piped Underground;5114
Hertford County;;2010;Occ Housing Units Heated by Bottled Tank or LP Gas Fuel;2246
Hertford County;;2000;Occ Housing Units Heated by Bottled Tank or LP Gas Fuel;2157
Hoke County;;2015;Occupied Housing Units without House Heating Fuel;139
Hoke County;;2015;Occ Housing Units Heated by Coal, Wood, Solar, or Other;178
Hyde County;;2015;Occupied Housing Units Heated by Electricity;1052
Hyde County;;2000;Occ Housing Units Heated by Gas Piped Underground;73
Hyde County;;1990;Occ Housing Units Heated by Gas Piped Underground;6
Iredell County;;2015;Occ Housing Units Heated by Coal, Wood, Solar, or Other;1327
Iredell County;;1990;Occ Housing Units Heated by Coal, Wood, Solar, or Other;3316
Jackson County;;2015;Occ Housing Units Heated by Coal, Wood, Solar, or Other;1681
Jackson County;;2015;Occ Housing Units Heated by Gas Piped Underground;319
Jackson County;;2000;Occ Housing Units Heated by Bottled Tank or LP Gas Fuel;3118
Jackson County;;1990;Occ Housing Units Heated by Coal, Wood, Solar, or Other;2811
Jackson County;;1990;Occupied Housing Units Heated by Electricity;3506
Johnston County;;2015;Occ Housing Units Heated by Gas Piped Underground;5733
Johnston County;;2010;Occupied Housing Units Heated by Fuel Oil;957
Johnston County;;2000;Occ Housing Units Heated by Bottled Tank or LP Gas Fuel;14032
Johnston County;;2000;Occ Housing Units Heated by Coal, Wood, Solar, or Other;645
Jones County;;2015;Occupied Housing Units without House Heating Fuel;14
Jones County;;2010;Occupied Housing Units Heated by Fuel Oil;297
Jones County;;2010;Occupied Housing Units Heated by Electricity;2536
Jones County;;2000;Occ Housing Units Heated by Gas Piped Underground;37
Lee County;;2000;Occ Housing Units Heated by Bottled Tank or LP Gas Fuel;2820
Lee County;;1990;Occupied Housing Units Heated by Electricity;6912
Lenoir County;;2000;Occ Housing Units Heated by Gas Piped Underground;5088
Lincoln County;;2015;Occupied Housing Units without House Heating Fuel;238
Lincoln County;;2015;Occ Housing Units Heated by Gas Piped Underground;4415
Macon County;;2015;Occ Housing Units Heated by Coal, Wood, Solar, or Other;1530
Macon County;;2015;Occupied Housing Units Heated by Fuel Oil;1031
Macon County;;2015;Occupied Housing Units Heated by Electricity;8476
Macon County;;2015;Occ Housing Units Heated by Bottled Tank or LP Gas Fuel;3944
Macon County;;2010;Occupied Housing Units Heated by Electricity;8116
Macon County;;2000;Occ Housing Units Heated by Gas Piped Underground;133
Macon County;;2000;Occupied Housing Units Heated by Electricity;5268
Madison County;;2015;Occ Housing Units Heated by Gas Piped Underground;217
Madison County;;2010;Occ Housing Units Heated by Gas Piped Underground;139
Madison County;;2000;Occupied Housing Units Heated by Fuel Oil;4876
Madison County;;2000;Occupied Housing Units Heated by Electricity;1477
Martin County;;2010;Occupied Housing Units without House Heating Fuel;0
Martin County;;2010;Occupied Housing Units Heated by Fuel Oil;961
Martin County;;2010;Occupied Housing Units Heated by Electricity;4313
Mecklenburg County;;2015;Occ Housing Units Heated by Bottled Tank or LP Gas Fuel;4309
Mecklenburg County;;2010;Occ Housing Units Heated by Bottled Tank or LP Gas Fuel;4642
Mecklenburg County;;2000;Occ Housing Units Heated by Gas Piped Underground;142812
Mitchell County;;2010;Occupied Housing Units without House Heating Fuel;32
Mitchell County;;2010;Occ Housing Units Heated by Coal, Wood, Solar, or Other;700
Mitchell County;;2010;Occ Housing Units Heated by Bottled Tank or LP Gas Fuel;963
Mitchell County;;2000;Occupied Housing Units Heated by Fuel Oil;4380
Mitchell County;;2000;Occ Housing Units Heated by Coal, Wood, Solar, or Other;538
Mitchell County;;2000;Occupied Housing Units without House Heating Fuel;2
Montgomery County;;2010;Occ Housing Units Heated by Coal, Wood, Solar, or Other;499
Montgomery County;;2010;Occupied Housing Units Heated by Electricity;5619
Montgomery County;;2000;Occupied Housing Units without House Heating Fuel;36
Moore County;;2015;Occupied Housing Units without House Heating Fuel;106
Moore County;;2010;Occupied Housing Units without House Heating Fuel;150
Moore County;;2000;Occ Housing Units Heated by Bottled Tank or LP Gas Fuel;4856
Nash County;;2015;Occ Housing Units Heated by Gas Piped Underground;7636
Nash County;;2010;Occ Housing Units Heated by Bottled Tank or LP Gas Fuel;7526
New Hanover County;;2010;Occupied Housing Units Heated by Electricity;72031
New Hanover County;;2000;Occupied Housing Units Heated by Fuel Oil;2641
New Hanover County;;1990;Occ Housing Units Heated by Coal, Wood, Solar, or Other;1050
New Hanover County;;1990;Occ Housing Units Heated by Gas Piped Underground;6587
Northampton County;;2015;Occ Housing Units Heated by Bottled Tank or LP Gas Fuel;2355
Northampton County;;2010;Occ Housing Units Heated by Coal, Wood, Solar, or Other;444
Northampton County;;2010;Occupied Housing Units Heated by Fuel Oil;1294
Northampton County;;2010;Occ Housing Units Heated by Gas Piped Underground;134
Northampton County;;2000;Occupied Housing Units Heated by Fuel Oil;1822
Northampton County;;2000;Occupied Housing Units without House Heating Fuel;8
Onslow County;;2015;Occ Housing Units Heated by Bottled Tank or LP Gas Fuel;2346
Onslow County;;2010;Occupied Housing Units without House Heating Fuel;242
Onslow County;;2010;Occ Housing Units Heated by Coal, Wood, Solar, or Other;471
Onslow County;;1990;Occ Housing Units Heated by Bottled Tank or LP Gas Fuel;3927
Orange County;;2015;Occ Housing Units Heated by Gas Piped Underground;16875
Orange County;;2010;Occupied Housing Units Heated by Electricity;25916
Orange County;;1990;Occupied Housing Units Heated by Electricity;17400
Pamlico County;;2000;Occupied Housing Units without House Heating Fuel;26
Pamlico County;;1990;Occupied Housing Units Heated by Fuel Oil;1221
Pamlico County;;1990;Occ Housing Units Heated by Bottled Tank or LP Gas Fuel;982
Pasquotank County;;2000;Occupied Housing Units Heated by Fuel Oil;2592
Pasquotank County;;1990;Occ Housing Units Heated by Gas Piped Underground;32
Pender County;;2010;Occupied Housing Units Heated by Fuel Oil;318
Perquimans County;;1990;Occ Housing Units Heated by Coal, Wood, Solar, or Other;512
Perquimans County;;1990;Occ Housing Units Heated by Gas Piped Underground;70
Person County;;2010;Occupied Housing Units Heated by Fuel Oil;1028
Person County;;2010;Occ Housing Units Heated by Bottled Tank or LP Gas Fuel;3501
Person County;;2000;Occupied Housing Units Heated by Electricity;5394
Pitt County;;2010;Occ Housing Units Heated by Coal, Wood, Solar, or Other;500
Pitt County;;2010;Occupied Housing Units Heated by Electricity;42575
Pitt County;;1990;Occ Housing Units Heated by Gas Piped Underground;5527
Polk County;;2015;Occupied Housing Units without House Heating Fuel;14
Polk County;;2010;Occupied Housing Units without House Heating Fuel;3
Polk County;;2000;Occupied Housing Units without House Heating Fuel;12
Polk County;;1990;Occupied Housing Units without House Heating Fuel;14
Polk County;;1990;Occupied Housing Units Heated by Electricity;2138
Randolph County;;2015;Occ Housing Units Heated by Coal, Wood, Solar, or Other;2466
Randolph County;;2010;Occupied Housing Units Heated by Electricity;32177
Randolph County;;2000;Occ Housing Units Heated by Gas Piped Underground;8358
Randolph County;;1990;Occ Housing Units Heated by Bottled Tank or LP Gas Fuel;3346
Richmond County;;2015;Occ Housing Units Heated by Coal, Wood, Solar, or Other;483
Richmond County;;2015;Occ Housing Units Heated by Bottled Tank or LP Gas Fuel;3049
Richmond County;;2010;Occupied Housing Units without House Heating Fuel;17
Robeson County;;2015;Occupied Housing Units Heated by Fuel Oil;810
Robeson County;;2010;Occupied Housing Units without House Heating Fuel;198
Robeson County;;2000;Occ Housing Units Heated by Gas Piped Underground;6470
Robeson County;;1990;Occ Housing Units Heated by Coal, Wood, Solar, or Other;3384
Rockingham County;;2010;Occupied Housing Units without House Heating Fuel;104
Rockingham County;;2000;Occupied Housing Units Heated by Fuel Oil;5151
Rockingham County;;1990;Occupied Housing Units without House Heating Fuel;60
Rowan County;;2000;Occupied Housing Units Heated by Fuel Oil;7175
Rutherford County;;2000;Occ Housing Units Heated by Gas Piped Underground;2974
Rutherford County;;2000;Occ Housing Units Heated by Coal, Wood, Solar, or Other;1037
Rutherford County;;1990;Occ Housing Units Heated by Coal, Wood, Solar, or Other;3404
Sampson County;;2010;Occ Housing Units Heated by Gas Piped Underground;1538
Sampson County;;2000;Occ Housing Units Heated by Coal, Wood, Solar, or Other;390
Sampson County;;1990;Occ Housing Units Heated by Coal, Wood, Solar, or Other;1628
Sampson County;;2000;Occupied Housing Units Heated by Electricity;10751
Scotland County;;2015;Occupied Housing Units Heated by Fuel Oil;395
Scotland County;;2015;Occ Housing Units Heated by Bottled Tank or LP Gas Fuel;1541
Stokes County;;2015;Occupied Housing Units Heated by Fuel Oil;1771
Surry County;;2015;Occupied Housing Units without House Heating Fuel;290
Surry County;;2000;Occ Housing Units Heated by Bottled Tank or LP Gas Fuel;3501
Surry County;;2000;Occupied Housing Units Heated by Fuel Oil;10205
Swain County;;2015;Occ Housing Units Heated by Coal, Wood, Solar, or Other;662
Swain County;;2015;Occupied Housing Units Heated by Fuel Oil;538
Swain County;;2015;Occupied Housing Units Heated by Electricity;2689
Transylvania County;;2015;Occ Housing Units Heated by Bottled Tank or LP Gas Fuel;1649
Tyrrell County;;2010;Occ Housing Units Heated by Coal, Wood, Solar, or Other;76
Tyrrell County;;2000;Occ Housing Units Heated by Bottled Tank or LP Gas Fuel;652
Tyrrell County;;2000;Occ Housing Units Heated by Coal, Wood, Solar, or Other;90
Tyrrell County;;1990;Occ Housing Units Heated by Bottled Tank or LP Gas Fuel;422
Union County;;2015;Occupied Housing Units Heated by Electricity;31297
Union County;;2000;Occ Housing Units Heated by Coal, Wood, Solar, or Other;813
Union County;;1990;Occ Housing Units Heated by Bottled Tank or LP Gas Fuel;2824
Vance County;;2000;Occ Housing Units Heated by Gas Piped Underground;3443
Vance County;;2000;Occupied Housing Units Heated by Fuel Oil;2255
Vance County;;1990;Occupied Housing Units Heated by Electricity;4693
Wake County;;2010;Occupied Housing Units without House Heating Fuel;694
Wake County;;2000;Occ Housing Units Heated by Bottled Tank or LP Gas Fuel;17686
Warren County;;2015;Occ Housing Units Heated by Coal, Wood, Solar, or Other;398
Warren County;;2015;Occupied Housing Units Heated by Fuel Oil;592
Warren County;;2010;Occupied Housing Units without House Heating Fuel;24
Warren County;;2000;Occ Housing Units Heated by Bottled Tank or LP Gas Fuel;2108
Warren County;;1990;Occ Housing Units Heated by Gas Piped Underground;94
Washington County;;2010;Occupied Housing Units without House Heating Fuel;0
Washington County;;2010;Occ Housing Units Heated by Coal, Wood, Solar, or Other;211
Washington County;;1990;Occ Housing Units Heated by Coal, Wood, Solar, or Other;679
Watauga County;;2015;Occ Housing Units Heated by Coal, Wood, Solar, or Other;1549
Watauga County;;2000;Occ Housing Units Heated by Bottled Tank or LP Gas Fuel;2527
Watauga County;;2000;Occupied Housing Units without House Heating Fuel;70
Watauga County;;1990;Occ Housing Units Heated by Coal, Wood, Solar, or Other;2784
Wayne County;;2015;Occupied Housing Units Heated by Fuel Oil;558
Wayne County;;2000;Occupied Housing Units Heated by Electricity;23936
Wilkes County;;2015;Occupied Housing Units without House Heating Fuel;255
Wilkes County;;2010;Occ Housing Units Heated by Coal, Wood, Solar, or Other;1806
Wilkes County;;2010;Occupied Housing Units Heated by Fuel Oil;5362
Wilkes County;;2000;Occ Housing Units Heated by Bottled Tank or LP Gas Fuel;4493
Wilkes County;;2000;Occ Housing Units Heated by Coal, Wood, Solar, or Other;1437
Wilson County;;2015;Occ Housing Units Heated by Coal, Wood, Solar, or Other;537
Wilson County;;2010;Occ Housing Units Heated by Bottled Tank or LP Gas Fuel;3981
Wilson County;;2000;Occupied Housing Units Heated by Fuel Oil;1706
Yadkin County;;2015;Occupied Housing Units without House Heating Fuel;111
Yadkin County;;2000;Occ Housing Units Heated by Gas Piped Underground;58
Yadkin County;;1990;Occ Housing Units Heated by Gas Piped Underground;13
Yancey County;;2010;Occupied Housing Units without House Heating Fuel;12
Yancey County;;2000;Occ Housing Units Heated by Gas Piped Underground;24
Yancey County;;1990;Occupied Housing Units without House Heating Fuel;2
Yancey County;;1990;Occ Housing Units Heated by Gas Piped Underground;11
Alamance County;;2015;Occ Housing Units Heated by Coal, Wood, Solar, or Other;1918
Alamance County;;2000;Occ Housing Units Heated by Bottled Tank or LP Gas Fuel;6511
Alamance County;;2000;Occupied Housing Units without House Heating Fuel;78
Alleghany County;;2010;Occ Housing Units Heated by Gas Piped Underground;78
Alleghany County;;2000;Occ Housing Units Heated by Gas Piped Underground;8
Anson County;;2015;Occ Housing Units Heated by Gas Piped Underground;677
Ashe County;;2015;Occupied Housing Units Heated by Electricity;4810
Ashe County;;2015;Occ Housing Units Heated by Gas Piped Underground;339
Ashe County;;2010;Occ Housing Units Heated by Gas Piped Underground;103
Ashe County;;2000;Occ Housing Units Heated by Bottled Tank or LP Gas Fuel;808
Avery County;;2015;Occ Housing Units Heated by Coal, Wood, Solar, or Other;988
Avery County;;2010;Occ Housing Units Heated by Bottled Tank or LP Gas Fuel;1506
Avery County;;2000;Occupied Housing Units Heated by Fuel Oil;3774
Avery County;;1990;Occupied Housing Units Heated by Fuel Oil;2426
Avery County;;1990;Occ Housing Units Heated by Gas Piped Underground;35
Beaufort County;;2000;Occupied Housing Units Heated by Fuel Oil;1538
Bertie County;;2010;Occupied Housing Units Heated by Fuel Oil;774
Bertie County;;2000;Occ Housing Units Heated by Gas Piped Underground;124
Bertie County;;2000;Occupied Housing Units without House Heating Fuel;16
Bertie County;;1990;Occupied Housing Units Heated by Fuel Oil;2502
Bladen County;;1990;Occupied Housing Units without House Heating Fuel;37
Bladen County;;1990;Occupied Housing Units Heated by Electricity;3783
Brunswick County;;2015;Occupied Housing Units Heated by Fuel Oil;779
Brunswick County;;2015;Occupied Housing Units Heated by Electricity;41321
Brunswick County;;2015;Occ Housing Units Heated by Gas Piped Underground;817
Brunswick County;;2010;Occ Housing Units Heated by Bottled Tank or LP Gas Fuel;7030
Brunswick County;;2000;Occ Housing Units Heated by Gas Piped Underground;300
Brunswick County;;1990;Occupied Housing Units Heated by Electricity;12160
Brunswick County;;1990;Occ Housing Units Heated by Bottled Tank or LP Gas Fuel;2411
Brunswick County;;1990;Occ Housing Units Heated by Gas Piped Underground;94
Buncombe County;;2015;Occ Housing Units Heated by Bottled Tank or LP Gas Fuel;5541
Buncombe County;;2010;Occ Housing Units Heated by Gas Piped Underground;19580
Buncombe County;;2000;Occ Housing Units Heated by Bottled Tank or LP Gas Fuel;6041
Buncombe County;;1990;Occ Housing Units Heated by Bottled Tank or LP Gas Fuel;1696
Burke County;;1990;Occupied Housing Units Heated by Electricity;11032
Cabarrus County;;2000;Occ Housing Units Heated by Bottled Tank or LP Gas Fuel;3085
Cabarrus County;;2000;Occupied Housing Units Heated by Electricity;21652
Cabarrus County;;1990;Occupied Housing Units without House Heating Fuel;22
Caldwell County;;2015;Occ Housing Units Heated by Gas Piped Underground;3416
Caldwell County;;2010;Occ Housing Units Heated by Coal, Wood, Solar, or Other;1758
Caldwell County;;2010;Occ Housing Units Heated by Gas Piped Underground;3283
Caldwell County;;1990;Occupied Housing Units without House Heating Fuel;55
Caldwell County;;1990;Occ Housing Units Heated by Coal, Wood, Solar, or Other;4582
Caldwell County;;1990;Occ Housing Units Heated by Gas Piped Underground;2216
Camden County;;2015;Occ Housing Units Heated by Gas Piped Underground;83
Camden County;;1990;Occupied Housing Units Heated by Electricity;766
Carteret County;;2015;Occ Housing Units Heated by Bottled Tank or LP Gas Fuel;2649
Carteret County;;2015;Occ Housing Units Heated by Gas Piped Underground;493
Carteret County;;2000;Occupied Housing Units Heated by Fuel Oil;1679
Carteret County;;1990;Occupied Housing Units Heated by Electricity;13446
Caswell County;;2000;Occ Housing Units Heated by Coal, Wood, Solar, or Other;680
Caswell County;;1990;Occ Housing Units Heated by Coal, Wood, Solar, or Other;1613
Caswell County;;1990;Occ Housing Units Heated by Gas Piped Underground;166
Catawba County;;2015;Occupied Housing Units Heated by Fuel Oil;2474
Catawba County;;1990;Occ Housing Units Heated by Coal, Wood, Solar, or Other;3564
Catawba County;;1990;Occ Housing Units Heated by Gas Piped Underground;7440
Chatham County;;2015;Occ Housing Units Heated by Gas Piped Underground;6917
Chatham County;;2000;Occupied Housing Units Heated by Fuel Oil;1746
Chatham County;;2000;Occupied Housing Units without House Heating Fuel;41
Chatham County;;1990;Occupied Housing Units without House Heating Fuel;48
Chatham County;;1990;Occupied Housing Units Heated by Fuel Oil;3411
Cherokee County;;2015;Occupied Housing Units Heated by Electricity;6022
Cherokee County;;2010;Occupied Housing Units Heated by Fuel Oil;1428
Cherokee County;;2010;Occupied Housing Units Heated by Electricity;5964
Cherokee County;;2000;Occ Housing Units Heated by Coal, Wood, Solar, or Other;987
Cherokee County;;1990;Occupied Housing Units without House Heating Fuel;0
Chowan County;;2000;Occ Housing Units Heated by Bottled Tank or LP Gas Fuel;2261
Chowan County;;2000;Occupied Housing Units without House Heating Fuel;20
Clay County;;2015;Occ Housing Units Heated by Coal, Wood, Solar, or Other;320
Clay County;;2000;Occupied Housing Units Heated by Electricity;1281
Cleveland County;;2015;Occupied Housing Units Heated by Electricity;25486
Cleveland County;;2010;Occupied Housing Units Heated by Fuel Oil;3283
Cleveland County;;2000;Occ Housing Units Heated by Bottled Tank or LP Gas Fuel;1904
Cleveland County;;1990;Occupied Housing Units without House Heating Fuel;101
Columbus County;;2015;Occupied Housing Units without House Heating Fuel;114
Columbus County;;2015;Occupied Housing Units Heated by Electricity;15426
Columbus County;;2000;Occupied Housing Units without House Heating Fuel;48
Columbus County;;2000;Occupied Housing Units Heated by Electricity;9770
Craven County;;2015;Occ Housing Units Heated by Bottled Tank or LP Gas Fuel;4070
Craven County;;2010;Occ Housing Units Heated by Bottled Tank or LP Gas Fuel;5370
Craven County;;1990;Occupied Housing Units Heated by Electricity;17341
Cumberland County;;2015;Occupied Housing Units Heated by Fuel Oil;1879
Currituck County;;2010;Occ Housing Units Heated by Coal, Wood, Solar, or Other;347
Currituck County;;2010;Occ Housing Units Heated by Gas Piped Underground;123
Currituck County;;2000;Occupied Housing Units Heated by Fuel Oil;842
Currituck County;;2000;Occupied Housing Units Heated by Electricity;4104
Currituck County;;1990;Occ Housing Units Heated by Bottled Tank or LP Gas Fuel;900
Dare County;;2010;Occ Housing Units Heated by Coal, Wood, Solar, or Other;70
Dare County;;2010;Occupied Housing Units Heated by Electricity;13685
Dare County;;2000;Occ Housing Units Heated by Gas Piped Underground;106
Dare County;;1990;Occupied Housing Units Heated by Electricity;6789
Davidson County;;2000;Occ Housing Units Heated by Gas Piped Underground;8473
Davidson County;;2000;Occupied Housing Units Heated by Electricity;31816
Davie County;;2000;Occupied Housing Units Heated by Fuel Oil;3012
Davie County;;2000;Occ Housing Units Heated by Coal, Wood, Solar, or Other;651
Davie County;;1990;Occ Housing Units Heated by Coal, Wood, Solar, or Other;1719
Duplin County;;2015;Occ Housing Units Heated by Gas Piped Underground;341
Duplin County;;2010;Occ Housing Units Heated by Coal, Wood, Solar, or Other;266
Duplin County;;2000;Occ Housing Units Heated by Bottled Tank or LP Gas Fuel;7991
Duplin County;;1990;Occ Housing Units Heated by Bottled Tank or LP Gas Fuel;5253
Durham County;;2015;Occ Housing Units Heated by Bottled Tank or LP Gas Fuel;3653
Durham County;;2000;Occ Housing Units Heated by Coal, Wood, Solar, or Other;595
Durham County;;2000;Occupied Housing Units Heated by Electricity;44022
Durham County;;1990;Occupied Housing Units Heated by Electricity;33983
Forsyth County;;2015;Occupied Housing Units Heated by Electricity;87154
Forsyth County;;2015;Occ Housing Units Heated by Bottled Tank or LP Gas Fuel;3275
Forsyth County;;2000;Occ Housing Units Heated by Gas Piped Underground;32646
Forsyth County;;2000;Occ Housing Units Heated by Coal, Wood, Solar, or Other;1278
Forsyth County;;2000;Occupied Housing Units Heated by Electricity;63585
Franklin County;;2015;Occ Housing Units Heated by Gas Piped Underground;1563
Franklin County;;2010;Occupied Housing Units without House Heating Fuel;79
Franklin County;;2000;Occ Housing Units Heated by Gas Piped Underground;497
Franklin County;;2000;Occ Housing Units Heated by Coal, Wood, Solar, or Other;696
Gaston County;;2010;Occupied Housing Units without House Heating Fuel;159
Gaston County;;2010;Occupied Housing Units Heated by Fuel Oil;3040
Gaston County;;2000;Occ Housing Units Heated by Bottled Tank or LP Gas Fuel;3628
Gaston County;;2000;Occupied Housing Units Heated by Fuel Oil;5605
Gaston County;;2000;Occ Housing Units Heated by Coal, Wood, Solar, or Other;1031
Gaston County;;1990;Occ Housing Units Heated by Coal, Wood, Solar, or Other;3315
Gaston County;;1990;Occupied Housing Units Heated by Fuel Oil;10947
Gates County;;2015;Occ Housing Units Heated by Coal, Wood, Solar, or Other;93
Gates County;;2015;Occ Housing Units Heated by Gas Piped Underground;101
Gates County;;2010;Occupied Housing Units Heated by Fuel Oil;376
Gates County;;2000;Occ Housing Units Heated by Coal, Wood, Solar, or Other;266
Gates County;;2000;Occupied Housing Units without House Heating Fuel;12
Graham County;;2015;Occ Housing Units Heated by Gas Piped Underground;51
Graham County;;2000;Occ Housing Units Heated by Gas Piped Underground;22
Granville County;;2015;Occupied Housing Units Heated by Fuel Oil;561
Granville County;;1990;Occ Housing Units Heated by Coal, Wood, Solar, or Other;2269
Granville County;;1990;Occ Housing Units Heated by Gas Piped Underground;1935
Greene County;;2015;Occ Housing Units Heated by Gas Piped Underground;468
Greene County;;2000;Occ Housing Units Heated by Bottled Tank or LP Gas Fuel;2315
Greene County;;1990;Occupied Housing Units Heated by Fuel Oil;1353
Guilford County;;2010;Occupied Housing Units Heated by Fuel Oil;6580
Guilford County;;2000;Occ Housing Units Heated by Coal, Wood, Solar, or Other;2034
Guilford County;;1990;Occ Housing Units Heated by Bottled Tank or LP Gas Fuel;4291
Halifax County;;2015;Occ Housing Units Heated by Gas Piped Underground;4324
Halifax County;;2000;Occ Housing Units Heated by Coal, Wood, Solar, or Other;983
Harnett County;;2015;Occ Housing Units Heated by Gas Piped Underground;3733
Harnett County;;2010;Occ Housing Units Heated by Bottled Tank or LP Gas Fuel;5861
Harnett County;;1990;Occupied Housing Units Heated by Fuel Oil;3811
Haywood County;;2015;Occupied Housing Units without House Heating Fuel;182
Haywood County;;2000;Occ Housing Units Heated by Bottled Tank or LP Gas Fuel;3438
Haywood County;;1990;Occupied Housing Units Heated by Fuel Oil;9343
Henderson County;;2015;Occupied Housing Units without House Heating Fuel;170
Henderson County;;2015;Occ Housing Units Heated by Coal, Wood, Solar, or Other;1797
Henderson County;;2015;Occ Housing Units Heated by Bottled Tank or LP Gas Fuel;2562
Henderson County;;2010;Occupied Housing Units Heated by Electricity;22099
Henderson County;;2000;Occ Housing Units Heated by Gas Piped Underground;9688
Hertford County;;2010;Occ Housing Units Heated by Gas Piped Underground;799
Hertford County;;1990;Occ Housing Units Heated by Bottled Tank or LP Gas Fuel;1168
Hoke County;;2015;Occupied Housing Units Heated by Fuel Oil;147
Hoke County;;1990;Occupied Housing Units without House Heating Fuel;5
Hoke County;;1990;Occ Housing Units Heated by Coal, Wood, Solar, or Other;734
Hoke County;;1990;Occupied Housing Units Heated by Fuel Oil;1300
Hoke County;;1990;Occ Housing Units Heated by Gas Piped Underground;514
Hyde County;;2015;Occupied Housing Units Heated by Fuel Oil;7
Hyde County;;2010;Occupied Housing Units without House Heating Fuel;0
Hyde County;;2010;Occupied Housing Units Heated by Electricity;614
Hyde County;;2000;Occupied Housing Units without House Heating Fuel;0
Hyde County;;1990;Occ Housing Units Heated by Bottled Tank or LP Gas Fuel;636
Iredell County;;2010;Occupied Housing Units without House Heating Fuel;170
Jackson County;;2015;Occupied Housing Units Heated by Fuel Oil;1300
Jackson County;;2015;Occupied Housing Units Heated by Electricity;9753
Jackson County;;2010;Occ Housing Units Heated by Bottled Tank or LP Gas Fuel;3582
Jackson County;;2010;Occ Housing Units Heated by Gas Piped Underground;480
Jackson County;;2000;Occ Housing Units Heated by Gas Piped Underground;150
Johnston County;;2010;Occupied Housing Units Heated by Electricity;41623
Johnston County;;2010;Occ Housing Units Heated by Gas Piped Underground;4898
Johnston County;;2000;Occupied Housing Units Heated by Electricity;25989
Johnston County;;1990;Occupied Housing Units Heated by Fuel Oil;6111
Jones County;;2015;Occ Housing Units Heated by Bottled Tank or LP Gas Fuel;885
Jones County;;2000;Occ Housing Units Heated by Coal, Wood, Solar, or Other;97
Jones County;;1990;Occ Housing Units Heated by Gas Piped Underground;29
Lee County;;2015;Occ Housing Units Heated by Coal, Wood, Solar, or Other;339
Lee County;;2000;Occupied Housing Units without House Heating Fuel;45
Lenoir County;;2015;Occupied Housing Units without House Heating Fuel;130
Lenoir County;;2010;Occ Housing Units Heated by Coal, Wood, Solar, or Other;234
Lenoir County;;2000;Occupied Housing Units Heated by Fuel Oil;1518
Lincoln County;;2015;Occ Housing Units Heated by Bottled Tank or LP Gas Fuel;1294
Lincoln County;;2000;Occupied Housing Units Heated by Fuel Oil;3346
McDowell County;;2015;Occ Housing Units Heated by Coal, Wood, Solar, or Other;1313
McDowell County;;1990;Occupied Housing Units Heated by Fuel Oil;6243
McDowell County;;1990;Occupied Housing Units Heated by Electricity;4585
Macon County;;2015;Occupied Housing Units without House Heating Fuel;66
Macon County;;1990;Occ Housing Units Heated by Coal, Wood, Solar, or Other;2776
Madison County;;2015;Occupied Housing Units Heated by Fuel Oil;2173
Madison County;;2010;Occupied Housing Units without House Heating Fuel;8
Madison County;;2010;Occupied Housing Units Heated by Electricity;2137
Madison County;;2000;Occ Housing Units Heated by Gas Piped Underground;43
Madison County;;1990;Occupied Housing Units Heated by Electricity;959
Martin County;;2015;Occupied Housing Units Heated by Fuel Oil;366
Martin County;;2000;Occ Housing Units Heated by Coal, Wood, Solar, or Other;412
Mecklenburg County;;2015;Occupied Housing Units without House Heating Fuel;860
Mecklenburg County;;2000;Occupied Housing Units Heated by Fuel Oil;6568
Mecklenburg County;;1990;Occ Housing Units Heated by Gas Piped Underground;79454
Mitchell County;;2015;Occ Housing Units Heated by Coal, Wood, Solar, or Other;1216
Mitchell County;;2010;Occupied Housing Units Heated by Fuel Oil;3140
Mitchell County;;1990;Occupied Housing Units without House Heating Fuel;0
Montgomery County;;2015;Occupied Housing Units Heated by Electricity;7114
Montgomery County;;2000;Occ Housing Units Heated by Coal, Wood, Solar, or Other;595
Montgomery County;;1990;Occupied Housing Units without House Heating Fuel;2
Montgomery County;;1990;Occ Housing Units Heated by Coal, Wood, Solar, or Other;1605
Moore County;;2010;Occ Housing Units Heated by Coal, Wood, Solar, or Other;1101
Nash County;;2010;Occupied Housing Units without House Heating Fuel;108
Nash County;;2010;Occ Housing Units Heated by Gas Piped Underground;8839
New Hanover County;;2015;Occ Housing Units Heated by Gas Piped Underground;6297
New Hanover County;;2000;Occ Housing Units Heated by Gas Piped Underground;8147
New Hanover County;;2000;Occ Housing Units Heated by Bottled Tank or LP Gas Fuel;2861
New Hanover County;;1990;Occupied Housing Units Heated by Electricity;31546
Northampton County;;2015;Occupied Housing Units Heated by Fuel Oil;661
Northampton County;;2010;Occupied Housing Units without House Heating Fuel;0
Northampton County;;2000;Occ Housing Units Heated by Gas Piped Underground;168
Northampton County;;2000;Occ Housing Units Heated by Coal, Wood, Solar, or Other;405
Northampton County;;1990;Occupied Housing Units Heated by Electricity;1904
Northampton County;;2000;Occupied Housing Units Heated by Electricity;3551
Onslow County;;2015;Occupied Housing Units Heated by Electricity;56734
Onslow County;;2010;Occupied Housing Units Heated by Electricity;50280
Onslow County;;1990;Occupied Housing Units Heated by Fuel Oil;5664
Orange County;;2015;Occ Housing Units Heated by Bottled Tank or LP Gas Fuel;4222
Orange County;;1990;Occ Housing Units Heated by Gas Piped Underground;9826
Orange County;;2000;Occupied Housing Units Heated by Electricity;21758
Pamlico County;;2010;Occupied Housing Units without House Heating Fuel;53
Pamlico County;;2010;Occ Housing Units Heated by Gas Piped Underground;164
Pamlico County;;2000;Occ Housing Units Heated by Coal, Wood, Solar, or Other;117
Pamlico County;;2000;Occupied Housing Units Heated by Electricity;2931
Pasquotank County;;2015;Occ Housing Units Heated by Coal, Wood, Solar, or Other;210
Pasquotank County;;2000;Occ Housing Units Heated by Gas Piped Underground;169
Pasquotank County;;2000;Occupied Housing Units Heated by Electricity;6992
Pender County;;2010;Occ Housing Units Heated by Coal, Wood, Solar, or Other;375
Pender County;;1990;Occ Housing Units Heated by Coal, Wood, Solar, or Other;1105
Perquimans County;;2010;Occupied Housing Units Heated by Fuel Oil;462
Perquimans County;;2000;Occ Housing Units Heated by Bottled Tank or LP Gas Fuel;1574
Perquimans County;;2000;Occupied Housing Units Heated by Fuel Oil;802
Perquimans County;;1990;Occupied Housing Units Heated by Electricity;1327
Perquimans County;;1990;Occ Housing Units Heated by Bottled Tank or LP Gas Fuel;681
Person County;;2015;Occupied Housing Units Heated by Electricity;9087
Person County;;2000;Occupied Housing Units without House Heating Fuel;21
Person County;;1990;Occ Housing Units Heated by Bottled Tank or LP Gas Fuel;2008
Polk County;;2000;Occ Housing Units Heated by Bottled Tank or LP Gas Fuel;1269
Randolph County;;2015;Occupied Housing Units without House Heating Fuel;271
Randolph County;;2015;Occupied Housing Units Heated by Fuel Oil;2653
Randolph County;;2010;Occupied Housing Units without House Heating Fuel;145
Richmond County;;2010;Occupied Housing Units Heated by Electricity;9556
Richmond County;;1990;Occ Housing Units Heated by Coal, Wood, Solar, or Other;1450
Richmond County;;1990;Occupied Housing Units Heated by Electricity;5994
Richmond County;;2000;Occupied Housing Units Heated by Electricity;7840
Robeson County;;2010;Occupied Housing Units Heated by Electricity;27998
Robeson County;;2000;Occ Housing Units Heated by Coal, Wood, Solar, or Other;1122
Rockingham County;;2010;Occupied Housing Units Heated by Electricity;20041
Rockingham County;;2000;Occupied Housing Units Heated by Electricity;15884
Rowan County;;2015;Occ Housing Units Heated by Coal, Wood, Solar, or Other;1417
Rowan County;;1990;Occupied Housing Units Heated by Electricity;15845
Rutherford County;;2015;Occ Housing Units Heated by Bottled Tank or LP Gas Fuel;2963
Rutherford County;;2010;Occ Housing Units Heated by Coal, Wood, Solar, or Other;1411
Sampson County;;2015;Occ Housing Units Heated by Coal, Wood, Solar, or Other;343
Sampson County;;2015;Occ Housing Units Heated by Gas Piped Underground;1335
Sampson County;;2010;Occ Housing Units Heated by Coal, Wood, Solar, or Other;262
Sampson County;;1990;Occupied Housing Units Heated by Fuel Oil;4718
Sampson County;;1990;Occupied Housing Units Heated by Electricity;5601
Scotland County;;2010;Occ Housing Units Heated by Coal, Wood, Solar, or Other;222
Scotland County;;2010;Occupied Housing Units Heated by Fuel Oil;393
Scotland County;;2000;Occupied Housing Units Heated by Fuel Oil;1040
Stanly County;;2015;Occ Housing Units Heated by Coal, Wood, Solar, or Other;1067
Stanly County;;2015;Occupied Housing Units Heated by Fuel Oil;2486
Stanly County;;2000;Occupied Housing Units without House Heating Fuel;91
Stanly County;;1990;Occupied Housing Units without House Heating Fuel;13
Stanly County;;1990;Occupied Housing Units Heated by Electricity;5816
Stanly County;;1990;Occ Housing Units Heated by Gas Piped Underground;1853
Stanly County;;2000;Occupied Housing Units Heated by Electricity;8452
Stokes County;;2010;Occ Housing Units Heated by Bottled Tank or LP Gas Fuel;1797
Stokes County;;2000;Occ Housing Units Heated by Bottled Tank or LP Gas Fuel;2177
Stokes County;;2000;Occupied Housing Units Heated by Fuel Oil;3976
Stokes County;;1990;Occ Housing Units Heated by Gas Piped Underground;67
Surry County;;2010;Occupied Housing Units without House Heating Fuel;128
Surry County;;2010;Occ Housing Units Heated by Coal, Wood, Solar, or Other;1247
Surry County;;1990;Occupied Housing Units Heated by Fuel Oil;10863
Surry County;;1990;Occ Housing Units Heated by Bottled Tank or LP Gas Fuel;1127
Swain County;;2010;Occupied Housing Units without House Heating Fuel;0
Swain County;;2000;Occ Housing Units Heated by Bottled Tank or LP Gas Fuel;1234
Transylvania County;;2015;Occ Housing Units Heated by Coal, Wood, Solar, or Other;840
Transylvania County;;2010;Occupied Housing Units Heated by Fuel Oil;1734
Transylvania County;;2000;Occupied Housing Units Heated by Fuel Oil;2125
Transylvania County;;2000;Occ Housing Units Heated by Coal, Wood, Solar, or Other;661
Transylvania County;;1990;Occupied Housing Units Heated by Electricity;3370
Tyrrell County;;2010;Occupied Housing Units Heated by Electricity;721
Tyrrell County;;2010;Occ Housing Units Heated by Bottled Tank or LP Gas Fuel;702
Tyrrell County;;1990;Occ Housing Units Heated by Coal, Wood, Solar, or Other;237
Tyrrell County;;1990;Occupied Housing Units Heated by Fuel Oil;395
Union County;;1990;Occupied Housing Units without House Heating Fuel;78
Union County;;1990;Occ Housing Units Heated by Coal, Wood, Solar, or Other;3133
Vance County;;2010;Occupied Housing Units Heated by Fuel Oil;1473
Vance County;;2000;Occ Housing Units Heated by Coal, Wood, Solar, or Other;572
Washington County;;2015;Occ Housing Units Heated by Coal, Wood, Solar, or Other;126
Washington County;;2010;Occ Housing Units Heated by Bottled Tank or LP Gas Fuel;1828
Washington County;;1990;Occ Housing Units Heated by Bottled Tank or LP Gas Fuel;1085
Washington County;;2000;Occupied Housing Units Heated by Electricity;1992
Watauga County;;2010;Occ Housing Units Heated by Gas Piped Underground;649
Wayne County;;2015;Occupied Housing Units without House Heating Fuel;236
Wayne County;;2015;Occ Housing Units Heated by Gas Piped Underground;3575
Wayne County;;2010;Occ Housing Units Heated by Coal, Wood, Solar, or Other;376
Wayne County;;2000;Occupied Housing Units Heated by Fuel Oil;2706
Wayne County;;1990;Occ Housing Units Heated by Coal, Wood, Solar, or Other;1525
Wilkes County;;2015;Occupied Housing Units Heated by Fuel Oil;3578
Wilkes County;;1990;Occupied Housing Units Heated by Fuel Oil;9396
Wilkes County;;1990;Occupied Housing Units Heated by Electricity;7875
Wilkes County;;2000;Occupied Housing Units Heated by Electricity;12082
Wilson County;;1990;Occ Housing Units Heated by Bottled Tank or LP Gas Fuel;3451
Yadkin County;;2015;Occ Housing Units Heated by Coal, Wood, Solar, or Other;921
Yadkin County;;2015;Occ Housing Units Heated by Bottled Tank or LP Gas Fuel;1093
Yadkin County;;2000;Occ Housing Units Heated by Coal, Wood, Solar, or Other;699
Yadkin County;;2000;Occupied Housing Units without House Heating Fuel;72
Yadkin County;;1990;Occ Housing Units Heated by Bottled Tank or LP Gas Fuel;374
Yancey County;;2015;Occupied Housing Units Heated by Fuel Oil;2772
Yancey County;;1990;Occ Housing Units Heated by Bottled Tank or LP Gas Fuel;153
Alexander County;;2015;Occupied Housing Units Heated by Electricity;10244
Alexander County;;2000;Occ Housing Units Heated by Gas Piped Underground;136
Alexander County;;2000;Occupied Housing Units Heated by Electricity;7642
Alexander County;;1990;Occ Housing Units Heated by Coal, Wood, Solar, or Other;2032
Alleghany County;;1990;Occupied Housing Units Heated by Electricity;790
Anson County;;2015;Occupied Housing Units Heated by Fuel Oil;1069
Anson County;;2000;Occ Housing Units Heated by Bottled Tank or LP Gas Fuel;3060
Anson County;;2000;Occupied Housing Units Heated by Fuel Oil;1780
Anson County;;1990;Occ Housing Units Heated by Coal, Wood, Solar, or Other;1428
Ashe County;;2015;Occ Housing Units Heated by Bottled Tank or LP Gas Fuel;1353
Ashe County;;2010;Occ Housing Units Heated by Coal, Wood, Solar, or Other;1549
Avery County;;2015;Occ Housing Units Heated by Bottled Tank or LP Gas Fuel;1069
Beaufort County;;2015;Occ Housing Units Heated by Coal, Wood, Solar, or Other;578
Beaufort County;;2015;Occupied Housing Units Heated by Electricity;9686
Beaufort County;;2010;Occupied Housing Units Heated by Fuel Oil;758
Beaufort County;;1990;Occupied Housing Units without House Heating Fuel;47
Bertie County;;2015;Occupied Housing Units Heated by Electricity;4021
Bertie County;;2000;Occupied Housing Units Heated by Fuel Oil;1494
Bertie County;;2000;Occ Housing Units Heated by Coal, Wood, Solar, or Other;591
Bladen County;;2015;Occ Housing Units Heated by Coal, Wood, Solar, or Other;331
Bladen County;;2015;Occupied Housing Units Heated by Fuel Oil;336
Bladen County;;2015;Occ Housing Units Heated by Gas Piped Underground;870
Bladen County;;2010;Occupied Housing Units without House Heating Fuel;39
Brunswick County;;2015;Occupied Housing Units without House Heating Fuel;299
Brunswick County;;2010;Occupied Housing Units Heated by Fuel Oil;1030
Buncombe County;;2015;Occupied Housing Units Heated by Fuel Oil;12529
Buncombe County;;1990;Occ Housing Units Heated by Coal, Wood, Solar, or Other;7036
Buncombe County;;1990;Occupied Housing Units Heated by Fuel Oil;29937
Buncombe County;;1990;Occupied Housing Units Heated by Electricity;21887
Burke County;;2015;Occupied Housing Units Heated by Electricity;21483
Burke County;;2010;Occupied Housing Units Heated by Fuel Oil;6458
Burke County;;1990;Occupied Housing Units without House Heating Fuel;9
Burke County;;1990;Occ Housing Units Heated by Coal, Wood, Solar, or Other;3904
Burke County;;1990;Occ Housing Units Heated by Gas Piped Underground;2310
Cabarrus County;;2010;Occupied Housing Units without House Heating Fuel;110
Cabarrus County;;2010;Occupied Housing Units Heated by Electricity;28497
Cabarrus County;;2010;Occ Housing Units Heated by Bottled Tank or LP Gas Fuel;2945
Cabarrus County;;1990;Occupied Housing Units Heated by Fuel Oil;8907
Caldwell County;;2015;Occ Housing Units Heated by Bottled Tank or LP Gas Fuel;1532
Camden County;;2015;Occupied Housing Units without House Heating Fuel;70
Camden County;;2010;Occ Housing Units Heated by Bottled Tank or LP Gas Fuel;754
Camden County;;2000;Occupied Housing Units without House Heating Fuel;0
Carteret County;;2015;Occupied Housing Units Heated by Electricity;25548
Carteret County;;2000;Occupied Housing Units Heated by Electricity;18350
Carteret County;;1990;Occupied Housing Units Heated by Fuel Oil;4635
Caswell County;;2015;Occupied Housing Units Heated by Fuel Oil;825
Caswell County;;2010;Occ Housing Units Heated by Bottled Tank or LP Gas Fuel;2007
Caswell County;;1990;Occ Housing Units Heated by Bottled Tank or LP Gas Fuel;1252
Catawba County;;2010;Occupied Housing Units without House Heating Fuel;281
Catawba County;;2000;Occ Housing Units Heated by Bottled Tank or LP Gas Fuel;2942
Chatham County;;2015;Occupied Housing Units Heated by Electricity;13107
Chatham County;;2015;Occ Housing Units Heated by Bottled Tank or LP Gas Fuel;5030
Chatham County;;2010;Occupied Housing Units Heated by Electricity;11818
Chatham County;;2010;Occ Housing Units Heated by Bottled Tank or LP Gas Fuel;6062
Chatham County;;1990;Occ Housing Units Heated by Gas Piped Underground;1632
Cherokee County;;2015;Occ Housing Units Heated by Bottled Tank or LP Gas Fuel;2672
Cherokee County;;2000;Occ Housing Units Heated by Gas Piped Underground;84
Cherokee County;;1990;Occ Housing Units Heated by Coal, Wood, Solar, or Other;2006
Cherokee County;;1990;Occupied Housing Units Heated by Electricity;2905
Chowan County;;2000;Occupied Housing Units Heated by Electricity;1991
Chowan County;;1990;Occ Housing Units Heated by Coal, Wood, Solar, or Other;593
Clay County;;2010;Occ Housing Units Heated by Gas Piped Underground;127
Clay County;;2000;Occ Housing Units Heated by Gas Piped Underground;22
Clay County;;2000;Occupied Housing Units without House Heating Fuel;21
Cleveland County;;2015;Occ Housing Units Heated by Coal, Wood, Solar, or Other;1216
Cleveland County;;2000;Occ Housing Units Heated by Gas Piped Underground;9633
Columbus County;;2015;Occupied Housing Units Heated by Fuel Oil;588
Columbus County;;2015;Occ Housing Units Heated by Bottled Tank or LP Gas Fuel;5033
Craven County;;2015;Occ Housing Units Heated by Coal, Wood, Solar, or Other;508
Craven County;;2010;Occupied Housing Units Heated by Electricity;30072
Craven County;;2000;Occupied Housing Units without House Heating Fuel;227
Craven County;;1990;Occupied Housing Units without House Heating Fuel;65
Craven County;;1990;Occ Housing Units Heated by Coal, Wood, Solar, or Other;1602
Cumberland County;;2010;Occupied Housing Units Heated by Electricity;79412
Cumberland County;;2000;Occupied Housing Units Heated by Fuel Oil;6515
Cumberland County;;2000;Occupied Housing Units Heated by Electricity;64766
Cumberland County;;1990;Occupied Housing Units without House Heating Fuel;183
Cumberland County;;1990;Occupied Housing Units Heated by Electricity;51006
Currituck County;;2015;Occupied Housing Units Heated by Electricity;7324
Currituck County;;2010;Occupied Housing Units Heated by Fuel Oil;468
Currituck County;;2000;Occ Housing Units Heated by Bottled Tank or LP Gas Fuel;1662
Currituck County;;1990;Occ Housing Units Heated by Coal, Wood, Solar, or Other;455
Currituck County;;1990;Occ Housing Units Heated by Gas Piped Underground;25
Dare County;;2000;Occupied Housing Units without House Heating Fuel;115
Davidson County;;1990;Occ Housing Units Heated by Bottled Tank or LP Gas Fuel;2343
Davie County;;2015;Occupied Housing Units without House Heating Fuel;77
Davie County;;2010;Occ Housing Units Heated by Coal, Wood, Solar, or Other;585
Davie County;;2010;Occupied Housing Units Heated by Fuel Oil;1880
Davie County;;2000;Occupied Housing Units without House Heating Fuel;30
Davie County;;1990;Occupied Housing Units Heated by Electricity;4761
Duplin County;;2000;Occupied Housing Units Heated by Electricity;8693
Durham County;;2000;Occ Housing Units Heated by Gas Piped Underground;35446
Edgecombe County;;2015;Occupied Housing Units Heated by Electricity;10764
Edgecombe County;;2015;Occ Housing Units Heated by Bottled Tank or LP Gas Fuel;3904
Edgecombe County;;2010;Occ Housing Units Heated by Gas Piped Underground;6391
Franklin County;;2000;Occupied Housing Units Heated by Electricity;8933
Franklin County;;1990;Occupied Housing Units Heated by Fuel Oil;3122
Gates County;;2015;Occ Housing Units Heated by Bottled Tank or LP Gas Fuel;1140
Gates County;;2010;Occ Housing Units Heated by Coal, Wood, Solar, or Other;226
Gates County;;1990;Occ Housing Units Heated by Bottled Tank or LP Gas Fuel;574
Gates County;;1990;Occ Housing Units Heated by Gas Piped Underground;23
Graham County;;2010;Occupied Housing Units Heated by Fuel Oil;1127
Graham County;;2000;Occ Housing Units Heated by Coal, Wood, Solar, or Other;269
Graham County;;1990;Occupied Housing Units Heated by Fuel Oil;1343
Granville County;;2010;Occupied Housing Units without House Heating Fuel;40
Greene County;;2010;Occ Housing Units Heated by Bottled Tank or LP Gas Fuel;1984
Greene County;;2010;Occ Housing Units Heated by Gas Piped Underground;333
Guilford County;;2015;Occupied Housing Units Heated by Electricity;104453
Guilford County;;1990;Occ Housing Units Heated by Coal, Wood, Solar, or Other;5438
Guilford County;;1990;Occupied Housing Units Heated by Fuel Oil;21482
Halifax County;;2015;Occupied Housing Units Heated by Fuel Oil;1007
Halifax County;;2000;Occ Housing Units Heated by Gas Piped Underground;4624
Harnett County;;2015;Occ Housing Units Heated by Coal, Wood, Solar, or Other;471
Harnett County;;2010;Occupied Housing Units Heated by Electricity;28233
Harnett County;;2000;Occ Housing Units Heated by Gas Piped Underground;4283
Harnett County;;2000;Occupied Housing Units Heated by Electricity;19724
Harnett County;;1990;Occ Housing Units Heated by Bottled Tank or LP Gas Fuel;5430
Haywood County;;2010;Occupied Housing Units Heated by Fuel Oil;8584
Haywood County;;2000;Occ Housing Units Heated by Gas Piped Underground;168
Haywood County;;2000;Occ Housing Units Heated by Coal, Wood, Solar, or Other;1539
Haywood County;;2000;Occupied Housing Units without House Heating Fuel;46
Haywood County;;1990;Occ Housing Units Heated by Coal, Wood, Solar, or Other;3833
Henderson County;;1990;Occupied Housing Units without House Heating Fuel;30
Hertford County;;2000;Occ Housing Units Heated by Coal, Wood, Solar, or Other;239
Hertford County;;2000;Occupied Housing Units without House Heating Fuel;31
Hoke County;;2010;Occupied Housing Units Heated by Fuel Oil;276
Hoke County;;2000;Occ Housing Units Heated by Gas Piped Underground;657
Hoke County;;2000;Occupied Housing Units Heated by Electricity;7131
Hoke County;;1990;Occ Housing Units Heated by Bottled Tank or LP Gas Fuel;1763
Hyde County;;2015;Occ Housing Units Heated by Coal, Wood, Solar, or Other;55
Hyde County;;2000;Occ Housing Units Heated by Coal, Wood, Solar, or Other;160
Hyde County;;2000;Occupied Housing Units Heated by Electricity;577
Iredell County;;2015;Occ Housing Units Heated by Bottled Tank or LP Gas Fuel;2801
Iredell County;;2010;Occ Housing Units Heated by Gas Piped Underground;16935
Iredell County;;2000;Occ Housing Units Heated by Coal, Wood, Solar, or Other;1510
Jackson County;;2015;Occupied Housing Units without House Heating Fuel;10
Jackson County;;2010;Occupied Housing Units Heated by Fuel Oil;2017
Jackson County;;1990;Occupied Housing Units Heated by Fuel Oil;2712
Johnston County;;2015;Occupied Housing Units without House Heating Fuel;268
Johnston County;;1990;Occupied Housing Units Heated by Electricity;12680
Jones County;;2015;Occ Housing Units Heated by Coal, Wood, Solar, or Other;45
Jones County;;2010;Occ Housing Units Heated by Coal, Wood, Solar, or Other;159
Lee County;;2010;Occupied Housing Units Heated by Electricity;14194
Lee County;;2010;Occ Housing Units Heated by Bottled Tank or LP Gas Fuel;2389
Lenoir County;;2000;Occ Housing Units Heated by Coal, Wood, Solar, or Other;254
Lenoir County;;1990;Occ Housing Units Heated by Bottled Tank or LP Gas Fuel;3958
Lenoir County;;1990;Occ Housing Units Heated by Gas Piped Underground;3969
Lincoln County;;2015;Occupied Housing Units Heated by Fuel Oil;1122
Lincoln County;;2000;Occ Housing Units Heated by Gas Piped Underground;2893
Lincoln County;;2000;Occ Housing Units Heated by Coal, Wood, Solar, or Other;808
McDowell County;;2015;Occ Housing Units Heated by Gas Piped Underground;297
McDowell County;;2010;Occ Housing Units Heated by Bottled Tank or LP Gas Fuel;1588
Macon County;;2010;Occupied Housing Units without House Heating Fuel;43
Macon County;;1990;Occupied Housing Units without House Heating Fuel;24
Madison County;;2010;Occupied Housing Units Heated by Fuel Oil;3229
Madison County;;1990;Occ Housing Units Heated by Coal, Wood, Solar, or Other;1868
Madison County;;1990;Occ Housing Units Heated by Bottled Tank or LP Gas Fuel;149
Madison County;;1990;Occ Housing Units Heated by Gas Piped Underground;10
Martin County;;2015;Occupied Housing Units without House Heating Fuel;25
Martin County;;2010;Occ Housing Units Heated by Gas Piped Underground;340
Martin County;;2000;Occ Housing Units Heated by Gas Piped Underground;332
Martin County;;1990;Occupied Housing Units Heated by Fuel Oil;3046
Mecklenburg County;;2010;Occupied Housing Units Heated by Fuel Oil;3781
Mecklenburg County;;1990;Occ Housing Units Heated by Bottled Tank or LP Gas Fuel;3603
Mitchell County;;2015;Occ Housing Units Heated by Bottled Tank or LP Gas Fuel;562
Mitchell County;;2010;Occ Housing Units Heated by Gas Piped Underground;224
Montgomery County;;2015;Occupied Housing Units without House Heating Fuel;36
Montgomery County;;2015;Occ Housing Units Heated by Coal, Wood, Solar, or Other;690
Montgomery County;;2015;Occ Housing Units Heated by Bottled Tank or LP Gas Fuel;1469
Montgomery County;;2010;Occupied Housing Units Heated by Fuel Oil;1645
Montgomery County;;2000;Occupied Housing Units Heated by Fuel Oil;2275
Montgomery County;;2000;Occupied Housing Units Heated by Electricity;4231
Montgomery County;;1990;Occ Housing Units Heated by Gas Piped Underground;107
Moore County;;1990;Occ Housing Units Heated by Coal, Wood, Solar, or Other;1993
Moore County;;1990;Occ Housing Units Heated by Bottled Tank or LP Gas Fuel;2861
Moore County;;1990;Occ Housing Units Heated by Gas Piped Underground;1628
Nash County;;2010;Occupied Housing Units Heated by Fuel Oil;792
Nash County;;2010;Occupied Housing Units Heated by Electricity;20061
Nash County;;2000;Occ Housing Units Heated by Bottled Tank or LP Gas Fuel;8461
New Hanover County;;2015;Occ Housing Units Heated by Bottled Tank or LP Gas Fuel;1766
New Hanover County;;2010;Occ Housing Units Heated by Bottled Tank or LP Gas Fuel;2512
Onslow County;;2010;Occ Housing Units Heated by Gas Piped Underground;1074
Onslow County;;2000;Occupied Housing Units without House Heating Fuel;194
Orange County;;2015;Occupied Housing Units Heated by Electricity;28834
Orange County;;2000;Occ Housing Units Heated by Bottled Tank or LP Gas Fuel;5860
Pamlico County;;2010;Occupied Housing Units Heated by Electricity;3471
Pamlico County;;2000;Occ Housing Units Heated by Gas Piped Underground;74
Pamlico County;;1990;Occupied Housing Units without House Heating Fuel;12
Pasquotank County;;2010;Occ Housing Units Heated by Bottled Tank or LP Gas Fuel;2609
Pasquotank County;;2010;Occ Housing Units Heated by Gas Piped Underground;569
Pender County;;2015;Occupied Housing Units Heated by Electricity;16829
Pender County;;2010;Occupied Housing Units without House Heating Fuel;89
Pender County;;2010;Occ Housing Units Heated by Gas Piped Underground;234
Pender County;;2000;Occupied Housing Units without House Heating Fuel;70
Pender County;;1990;Occupied Housing Units Heated by Fuel Oil;2056
Perquimans County;;2015;Occ Housing Units Heated by Bottled Tank or LP Gas Fuel;1044
Perquimans County;;2010;Occ Housing Units Heated by Coal, Wood, Solar, or Other;129
Perquimans County;;2000;Occ Housing Units Heated by Gas Piped Underground;111
Person County;;2000;Occupied Housing Units Heated by Fuel Oil;1577
Pitt County;;1990;Occupied Housing Units Heated by Fuel Oil;7717
Polk County;;2010;Occ Housing Units Heated by Coal, Wood, Solar, or Other;834
Polk County;;2010;Occ Housing Units Heated by Bottled Tank or LP Gas Fuel;1773
Polk County;;2000;Occ Housing Units Heated by Coal, Wood, Solar, or Other;444
Randolph County;;1990;Occ Housing Units Heated by Coal, Wood, Solar, or Other;5527
Robeson County;;2015;Occ Housing Units Heated by Gas Piped Underground;4738
Robeson County;;2010;Occupied Housing Units Heated by Fuel Oil;1094
Robeson County;;2000;Occupied Housing Units Heated by Fuel Oil;2502
Rockingham County;;2015;Occupied Housing Units Heated by Fuel Oil;2236
Rockingham County;;2015;Occupied Housing Units Heated by Electricity;21881
Rockingham County;;2010;Occ Housing Units Heated by Coal, Wood, Solar, or Other;1707
Rockingham County;;2000;Occupied Housing Units without House Heating Fuel;66
Rowan County;;2010;Occupied Housing Units Heated by Electricity;30940
Rowan County;;2000;Occ Housing Units Heated by Coal, Wood, Solar, or Other;1109
Rutherford County;;2010;Occupied Housing Units Heated by Fuel Oil;3194
Rutherford County;;2000;Occ Housing Units Heated by Bottled Tank or LP Gas Fuel;3286
Scotland County;;2015;Occ Housing Units Heated by Coal, Wood, Solar, or Other;207
Scotland County;;2010;Occ Housing Units Heated by Bottled Tank or LP Gas Fuel;2158
Scotland County;;2000;Occupied Housing Units without House Heating Fuel;75
Scotland County;;1990;Occupied Housing Units Heated by Fuel Oil;2055
Stanly County;;2015;Occ Housing Units Heated by Bottled Tank or LP Gas Fuel;3337
Stanly County;;2010;Occ Housing Units Heated by Coal, Wood, Solar, or Other;879
Stanly County;;2010;Occupied Housing Units Heated by Fuel Oil;3669
Stanly County;;1990;Occupied Housing Units Heated by Fuel Oil;8498
Stokes County;;2015;Occupied Housing Units Heated by Electricity;13236
Stokes County;;2010;Occ Housing Units Heated by Coal, Wood, Solar, or Other;1440
Stokes County;;2010;Occupied Housing Units Heated by Electricity;12124
Stokes County;;1990;Occupied Housing Units Heated by Fuel Oil;5105
Surry County;;2015;Occupied Housing Units Heated by Fuel Oil;4484
Surry County;;2010;Occupied Housing Units Heated by Fuel Oil;6723
Surry County;;2010;Occ Housing Units Heated by Bottled Tank or LP Gas Fuel;3319
Swain County;;2015;Occupied Housing Units without House Heating Fuel;8
Transylvania County;;2015;Occupied Housing Units without House Heating Fuel;35
Transylvania County;;2015;Occupied Housing Units Heated by Fuel Oil;1183
Transylvania County;;2010;Occ Housing Units Heated by Coal, Wood, Solar, or Other;1082
Transylvania County;;2010;Occupied Housing Units Heated by Electricity;6401
Transylvania County;;1990;Occupied Housing Units without House Heating Fuel;9
Transylvania County;;1990;Occ Housing Units Heated by Coal, Wood, Solar, or Other;1839
Tyrrell County;;2015;Occ Housing Units Heated by Bottled Tank or LP Gas Fuel;374
Tyrrell County;;1990;Occupied Housing Units Heated by Electricity;405
Tyrrell County;;2000;Occupied Housing Units Heated by Electricity;522
Vance County;;2015;Occupied Housing Units without House Heating Fuel;45
Vance County;;1990;Occ Housing Units Heated by Bottled Tank or LP Gas Fuel;1361
Wake County;;2015;Occupied Housing Units Heated by Fuel Oil;2078
Wake County;;2015;Occ Housing Units Heated by Bottled Tank or LP Gas Fuel;14383
Wake County;;2010;Occupied Housing Units Heated by Fuel Oil;2526
Warren County;;2015;Occ Housing Units Heated by Bottled Tank or LP Gas Fuel;1304
Warren County;;2010;Occupied Housing Units Heated by Fuel Oil;963
Washington County;;2000;Occ Housing Units Heated by Gas Piped Underground;109
Washington County;;1990;Occupied Housing Units Heated by Fuel Oil;1667
Watauga County;;1990;Occupied Housing Units without House Heating Fuel;0
Watauga County;;1990;Occupied Housing Units Heated by Electricity;4913
Wayne County;;2000;Occupied Housing Units without House Heating Fuel;122
Wayne County;;1990;Occupied Housing Units Heated by Fuel Oil;7333
Wayne County;;1990;Occ Housing Units Heated by Gas Piped Underground;3865
Wilkes County;;2010;Occ Housing Units Heated by Gas Piped Underground;596
Wilkes County;;1990;Occ Housing Units Heated by Gas Piped Underground;51
Wilson County;;2015;Occupied Housing Units without House Heating Fuel;35
Wilson County;;2010;Occupied Housing Units Heated by Fuel Oil;819
Yadkin County;;2010;Occ Housing Units Heated by Coal, Wood, Solar, or Other;913
Yadkin County;;1990;Occupied Housing Units Heated by Fuel Oil;5111
Cherokee County;;2020;Occ Housing Units Heated by Gas Piped Underground;135
Gates County;;2020;Occ Housing Units Heated by Gas Piped Underground;110
Guilford County;;2020;Occ Housing Units Heated by Gas Piped Underground;85206
Harnett County;;2020;Occ Housing Units Heated by Gas Piped Underground;3623
Hoke County;;2020;Occ Housing Units Heated by Gas Piped Underground;865
Jones County;;2020;Occ Housing Units Heated by Gas Piped Underground;206
Macon County;;2020;Occ Housing Units Heated by Gas Piped Underground;559
Nash County;;2020;Occ Housing Units Heated by Gas Piped Underground;7553
Onslow County;;2020;Occ Housing Units Heated by Gas Piped Underground;1739
Pitt County;;2020;Occ Housing Units Heated by Gas Piped Underground;9380
Richmond County;;2020;Occ Housing Units Heated by Gas Piped Underground;2725
Robeson County;;2020;Occ Housing Units Heated by Gas Piped Underground;3681
Rowan County;;2020;Occ Housing Units Heated by Gas Piped Underground;13050
Wake County;;2020;Occ Housing Units Heated by Gas Piped Underground;175303
Yadkin County;;2020;Occ Housing Units Heated by Gas Piped Underground;472
Yancey County;;2020;Occ Housing Units Heated by Gas Piped Underground;365
Cleveland County;;2020;Occ Housing Units Heated by Bottled Tank or LP Gas Fuel;1384
Durham County;;2020;Occ Housing Units Heated by Bottled Tank or LP Gas Fuel;3360
Iredell County;;2020;Occ Housing Units Heated by Bottled Tank or LP Gas Fuel;2626
Mecklenburg County;;2020;Occ Housing Units Heated by Bottled Tank or LP Gas Fuel;4947
Caswell County;;2020;Occupied Housing Units Heated by Electricity;5399
Cherokee County;;2020;Occupied Housing Units Heated by Electricity;8093
Cleveland County;;2020;Occupied Housing Units Heated by Electricity;24926
Dare County;;2020;Occupied Housing Units Heated by Electricity;14404
Iredell County;;2020;Occupied Housing Units Heated by Electricity;42770
Pamlico County;;2020;Occupied Housing Units Heated by Electricity;4237
Rowan County;;2020;Occupied Housing Units Heated by Electricity;36351
Swain County;;2020;Occupied Housing Units Heated by Electricity;3791
Wake County;;2020;Occupied Housing Units Heated by Electricity;220257
Watauga County;;2020;Occupied Housing Units Heated by Electricity;10846
Wilson County;;2020;Occupied Housing Units Heated by Electricity;18106
Burke County;;2020;Occupied Housing Units Heated by Fuel Oil;3147
Caldwell County;;2020;Occupied Housing Units Heated by Fuel Oil;3114
Camden County;;2020;Occupied Housing Units Heated by Fuel Oil;123
Catawba County;;2020;Occupied Housing Units Heated by Fuel Oil;1664
Dare County;;2020;Occupied Housing Units Heated by Fuel Oil;73
Guilford County;;2020;Occupied Housing Units Heated by Fuel Oil;2669
Johnston County;;2020;Occupied Housing Units Heated by Fuel Oil;500
Mitchell County;;2020;Occupied Housing Units Heated by Fuel Oil;2062
Robeson County;;2020;Occupied Housing Units Heated by Fuel Oil;601
Alleghany County;;2020;Occ Housing Units Heated by Coal, Wood, Solar, or Other;705
Camden County;;2020;Occ Housing Units Heated by Coal, Wood, Solar, or Other;6
Martin County;;2020;Occ Housing Units Heated by Coal, Wood, Solar, or Other;183
Northampton County;;2020;Occ Housing Units Heated by Coal, Wood, Solar, or Other;201
Rowan County;;2020;Occ Housing Units Heated by Coal, Wood, Solar, or Other;1237
Rutherford County;;2020;Occ Housing Units Heated by Coal, Wood, Solar, or Other;1035
Wake County;;2020;Occ Housing Units Heated by Coal, Wood, Solar, or Other;1351
Warren County;;2020;Occ Housing Units Heated by Coal, Wood, Solar, or Other;259
Brunswick County;;2020;Occupied Housing Units without House Heating Fuel;211
Chatham County;;2020;Occupied Housing Units without House Heating Fuel;141
Durham County;;2020;Occupied Housing Units without House Heating Fuel;760
Greene County;;2020;Occupied Housing Units without House Heating Fuel;31
Madison County;;2020;Occupied Housing Units without House Heating Fuel;11
New Hanover County;;2020;Occupied Housing Units without House Heating Fuel;508
Orange County;;2020;Occupied Housing Units without House Heating Fuel;268
Robeson County;;2020;Occupied Housing Units without House Heating Fuel;179
Stokes County;;2020;Occupied Housing Units without House Heating Fuel;204
Wake County;;2020;Occupied Housing Units without House Heating Fuel;1318
Alamance County;;2000;Occ Housing Units Heated by Coal, Wood, Solar, or Other;1005
Alexander County;;2000;Occupied Housing Units without House Heating Fuel;52
Alexander County;;1990;Occupied Housing Units Heated by Fuel Oil;3735
Alleghany County;;2015;Occ Housing Units Heated by Coal, Wood, Solar, or Other;663
Alleghany County;;2015;Occupied Housing Units Heated by Electricity;2098
Alleghany County;;2000;Occ Housing Units Heated by Coal, Wood, Solar, or Other;464
Alleghany County;;2000;Occupied Housing Units Heated by Electricity;1115
Anson County;;2010;Occ Housing Units Heated by Bottled Tank or LP Gas Fuel;2826
Anson County;;2000;Occ Housing Units Heated by Coal, Wood, Solar, or Other;355
Anson County;;1990;Occupied Housing Units Heated by Fuel Oil;3010
Anson County;;1990;Occ Housing Units Heated by Gas Piped Underground;638
Ashe County;;1990;Occupied Housing Units without House Heating Fuel;0
Avery County;;2010;Occupied Housing Units Heated by Electricity;2315
Avery County;;2000;Occupied Housing Units without House Heating Fuel;0
Avery County;;1990;Occupied Housing Units without House Heating Fuel;2
Avery County;;1990;Occupied Housing Units Heated by Electricity;1240
Avery County;;1990;Occ Housing Units Heated by Bottled Tank or LP Gas Fuel;337
Beaufort County;;2015;Occ Housing Units Heated by Bottled Tank or LP Gas Fuel;5761
Beaufort County;;2010;Occ Housing Units Heated by Coal, Wood, Solar, or Other;555
Beaufort County;;1990;Occupied Housing Units Heated by Electricity;4726
Beaufort County;;1990;Occ Housing Units Heated by Gas Piped Underground;1847
Bertie County;;2015;Occ Housing Units Heated by Coal, Wood, Solar, or Other;312
Bertie County;;2010;Occupied Housing Units without House Heating Fuel;16
Bertie County;;2000;Occ Housing Units Heated by Bottled Tank or LP Gas Fuel;2873
Bertie County;;2000;Occupied Housing Units Heated by Electricity;2645
Bertie County;;1990;Occ Housing Units Heated by Bottled Tank or LP Gas Fuel;1525
Bladen County;;2000;Occ Housing Units Heated by Gas Piped Underground;722
Bladen County;;2000;Occupied Housing Units Heated by Electricity;5975
Bladen County;;1990;Occ Housing Units Heated by Coal, Wood, Solar, or Other;1481
Brunswick County;;2000;Occupied Housing Units Heated by Electricity;21484
Buncombe County;;2010;Occ Housing Units Heated by Coal, Wood, Solar, or Other;4318
Buncombe County;;2000;Occupied Housing Units Heated by Electricity;32493
Buncombe County;;1990;Occ Housing Units Heated by Gas Piped Underground;10184
Burke County;;2010;Occupied Housing Units without House Heating Fuel;102
Burke County;;2010;Occupied Housing Units Heated by Electricity;19754
Cabarrus County;;2015;Occ Housing Units Heated by Coal, Wood, Solar, or Other;747
Cabarrus County;;2010;Occupied Housing Units Heated by Fuel Oil;2900
Cabarrus County;;2010;Occ Housing Units Heated by Gas Piped Underground;28280
Caldwell County;;2010;Occupied Housing Units without House Heating Fuel;105
Caldwell County;;2000;Occ Housing Units Heated by Gas Piped Underground;3733
Camden County;;2010;Occupied Housing Units Heated by Fuel Oil;352
Camden County;;2000;Occupied Housing Units Heated by Electricity;1372
Camden County;;1990;Occ Housing Units Heated by Coal, Wood, Solar, or Other;373
Camden County;;1990;Occ Housing Units Heated by Gas Piped Underground;11
Carteret County;;2010;Occupied Housing Units without House Heating Fuel;132
Carteret County;;2000;Occ Housing Units Heated by Gas Piped Underground;179
Carteret County;;2000;Occ Housing Units Heated by Coal, Wood, Solar, or Other;321
Carteret County;;2000;Occupied Housing Units without House Heating Fuel;232
Carteret County;;1990;Occ Housing Units Heated by Bottled Tank or LP Gas Fuel;2239
Caswell County;;2015;Occ Housing Units Heated by Gas Piped Underground;313
Caswell County;;2010;Occ Housing Units Heated by Coal, Wood, Solar, or Other;854
Caswell County;;2010;Occupied Housing Units Heated by Fuel Oil;1037
Catawba County;;2010;Occ Housing Units Heated by Gas Piped Underground;12499
Catawba County;;2000;Occupied Housing Units Heated by Electricity;32477
Chatham County;;2015;Occupied Housing Units without House Heating Fuel;34
Chatham County;;2010;Occupied Housing Units without House Heating Fuel;118
Chatham County;;2010;Occ Housing Units Heated by Gas Piped Underground;4693
Chatham County;;2000;Occ Housing Units Heated by Bottled Tank or LP Gas Fuel;5828
Cherokee County;;2015;Occupied Housing Units without House Heating Fuel;42
Cherokee County;;2015;Occ Housing Units Heated by Gas Piped Underground;186
Cherokee County;;2000;Occupied Housing Units Heated by Fuel Oil;2302
Chowan County;;2000;Occupied Housing Units Heated by Fuel Oil;965
Chowan County;;1990;Occupied Housing Units Heated by Fuel Oil;1552
Clay County;;2015;Occupied Housing Units without House Heating Fuel;13
Clay County;;2015;Occ Housing Units Heated by Gas Piped Underground;98
Clay County;;2000;Occ Housing Units Heated by Bottled Tank or LP Gas Fuel;1656
Cleveland County;;2015;Occupied Housing Units Heated by Fuel Oil;2087
Cleveland County;;2015;Occ Housing Units Heated by Gas Piped Underground;7555
Cleveland County;;2010;Occupied Housing Units without House Heating Fuel;174
Cleveland County;;2000;Occupied Housing Units without House Heating Fuel;233
Cleveland County;;1990;Occ Housing Units Heated by Bottled Tank or LP Gas Fuel;1121
Columbus County;;2015;Occ Housing Units Heated by Gas Piped Underground;357
Columbus County;;2000;Occupied Housing Units Heated by Fuel Oil;2441
Columbus County;;1990;Occupied Housing Units Heated by Fuel Oil;5182
Craven County;;2015;Occupied Housing Units without House Heating Fuel;330
Craven County;;2000;Occupied Housing Units Heated by Fuel Oil;2020
Cumberland County;;2010;Occ Housing Units Heated by Coal, Wood, Solar, or Other;854
Cumberland County;;2010;Occ Housing Units Heated by Gas Piped Underground;24906
Cumberland County;;2000;Occ Housing Units Heated by Gas Piped Underground;23864
Cumberland County;;1990;Occ Housing Units Heated by Coal, Wood, Solar, or Other;2576
Currituck County;;2015;Occupied Housing Units without House Heating Fuel;16
Currituck County;;2010;Occ Housing Units Heated by Bottled Tank or LP Gas Fuel;1680
Currituck County;;2000;Occ Housing Units Heated by Coal, Wood, Solar, or Other;217
Dare County;;2015;Occ Housing Units Heated by Bottled Tank or LP Gas Fuel;968
Dare County;;2010;Occ Housing Units Heated by Bottled Tank or LP Gas Fuel;1443
Dare County;;2000;Occupied Housing Units Heated by Fuel Oil;647
Dare County;;2000;Occupied Housing Units Heated by Electricity;10072
Davidson County;;2010;Occupied Housing Units Heated by Electricity;40524
Davidson County;;2010;Occ Housing Units Heated by Bottled Tank or LP Gas Fuel;3889
Davidson County;;2000;Occ Housing Units Heated by Bottled Tank or LP Gas Fuel;4134
Davidson County;;2000;Occupied Housing Units Heated by Fuel Oil;11849
Davidson County;;1990;Occupied Housing Units without House Heating Fuel;120
Davie County;;2010;Occ Housing Units Heated by Gas Piped Underground;2055
Duplin County;;2015;Occupied Housing Units Heated by Electricity;15904
Durham County;;2010;Occupied Housing Units Heated by Fuel Oil;2274
Durham County;;1990;Occ Housing Units Heated by Gas Piped Underground;25319
Edgecombe County;;2015;Occupied Housing Units without House Heating Fuel;42
Edgecombe County;;2010;Occupied Housing Units Heated by Fuel Oil;730
Edgecombe County;;2000;Occ Housing Units Heated by Bottled Tank or LP Gas Fuel;4827
Edgecombe County;;2000;Occupied Housing Units Heated by Electricity;7652
Edgecombe County;;1990;Occupied Housing Units Heated by Fuel Oil;3105
Edgecombe County;;1990;Occ Housing Units Heated by Bottled Tank or LP Gas Fuel;3644
Edgecombe County;;1990;Occ Housing Units Heated by Gas Piped Underground;5921
Forsyth County;;2010;Occ Housing Units Heated by Gas Piped Underground;41186
Forsyth County;;1990;Occ Housing Units Heated by Coal, Wood, Solar, or Other;3738
Forsyth County;;1990;Occ Housing Units Heated by Gas Piped Underground;19049
Franklin County;;2015;Occupied Housing Units without House Heating Fuel;152
Franklin County;;2015;Occ Housing Units Heated by Bottled Tank or LP Gas Fuel;4159
Franklin County;;2000;Occupied Housing Units Heated by Fuel Oil;1621
Franklin County;;1990;Occ Housing Units Heated by Gas Piped Underground;184
Gaston County;;2010;Occupied Housing Units Heated by Electricity;35738
Gaston County;;2010;Occ Housing Units Heated by Gas Piped Underground;34267
Gates County;;2010;Occupied Housing Units Heated by Electricity;2152
Gates County;;2010;Occ Housing Units Heated by Gas Piped Underground;143
Gates County;;2000;Occ Housing Units Heated by Bottled Tank or LP Gas Fuel;1250
Gates County;;1990;Occupied Housing Units Heated by Fuel Oil;1137
Graham County;;2015;Occ Housing Units Heated by Coal, Wood, Solar, or Other;508
Graham County;;2010;Occ Housing Units Heated by Bottled Tank or LP Gas Fuel;787
Granville County;;2015;Occ Housing Units Heated by Gas Piped Underground;2941
Granville County;;2010;Occupied Housing Units Heated by Electricity;11401
Granville County;;2000;Occupied Housing Units Heated by Fuel Oil;1153
Granville County;;2000;Occupied Housing Units without House Heating Fuel;53
Granville County;;2000;Occupied Housing Units Heated by Electricity;7397
Granville County;;1990;Occupied Housing Units Heated by Electricity;4608
Greene County;;2010;Occupied Housing Units Heated by Electricity;4309
Guilford County;;2010;Occupied Housing Units without House Heating Fuel;479
Guilford County;;2000;Occupied Housing Units Heated by Electricity;71024
Halifax County;;2015;Occ Housing Units Heated by Coal, Wood, Solar, or Other;843
Halifax County;;1990;Occupied Housing Units without House Heating Fuel;6
Halifax County;;1990;Occ Housing Units Heated by Coal, Wood, Solar, or Other;2637
Harnett County;;2010;Occupied Housing Units without House Heating Fuel;122
Harnett County;;1990;Occ Housing Units Heated by Coal, Wood, Solar, or Other;1538
Haywood County;;2015;Occupied Housing Units Heated by Fuel Oil;6658
Haywood County;;2015;Occ Housing Units Heated by Bottled Tank or LP Gas Fuel;3328
Haywood County;;2010;Occ Housing Units Heated by Coal, Wood, Solar, or Other;2670
Haywood County;;1990;Occupied Housing Units Heated by Electricity;4973
Henderson County;;2015;Occ Housing Units Heated by Gas Piped Underground;11833
Henderson County;;2010;Occ Housing Units Heated by Coal, Wood, Solar, or Other;2071
Henderson County;;1990;Occ Housing Units Heated by Coal, Wood, Solar, or Other;3090
Hertford County;;2015;Occ Housing Units Heated by Bottled Tank or LP Gas Fuel;1822
Hertford County;;2015;Occ Housing Units Heated by Gas Piped Underground;727
Hoke County;;2015;Occupied Housing Units Heated by Electricity;13705
Hoke County;;2010;Occupied Housing Units without House Heating Fuel;120
Hoke County;;2010;Occ Housing Units Heated by Coal, Wood, Solar, or Other;162
Hyde County;;2015;Occ Housing Units Heated by Bottled Tank or LP Gas Fuel;843
Hyde County;;2010;Occ Housing Units Heated by Coal, Wood, Solar, or Other;81
Hyde County;;1990;Occ Housing Units Heated by Coal, Wood, Solar, or Other;308
Iredell County;;2015;Occupied Housing Units Heated by Fuel Oil;2036
Iredell County;;2010;Occupied Housing Units Heated by Electricity;33080
Iredell County;;2000;Occupied Housing Units without House Heating Fuel;132
Iredell County;;2000;Occupied Housing Units Heated by Electricity;23027
Iredell County;;1990;Occupied Housing Units Heated by Electricity;13640
Jackson County;;2000;Occupied Housing Units without House Heating Fuel;22
Johnston County;;2010;Occ Housing Units Heated by Coal, Wood, Solar, or Other;547
Johnston County;;2000;Occupied Housing Units Heated by Fuel Oil;2182
Jones County;;2010;Occupied Housing Units without House Heating Fuel;34
Jones County;;2000;Occupied Housing Units Heated by Electricity;2099
Lee County;;2010;Occ Housing Units Heated by Coal, Wood, Solar, or Other;272
Lee County;;2010;Occ Housing Units Heated by Gas Piped Underground;3311
Lee County;;1990;Occupied Housing Units without House Heating Fuel;30
Lenoir County;;2015;Occ Housing Units Heated by Coal, Wood, Solar, or Other;231
Lenoir County;;2015;Occ Housing Units Heated by Gas Piped Underground;4184
Lenoir County;;2000;Occ Housing Units Heated by Bottled Tank or LP Gas Fuel;5274
Lincoln County;;2010;Occupied Housing Units without House Heating Fuel;103
Lincoln County;;2010;Occ Housing Units Heated by Coal, Wood, Solar, or Other;1115
Lincoln County;;2010;Occupied Housing Units Heated by Fuel Oil;1786
Lincoln County;;2000;Occupied Housing Units Heated by Electricity;14795
McDowell County;;2010;Occupied Housing Units without House Heating Fuel;35
McDowell County;;2010;Occupied Housing Units Heated by Electricity;9265
McDowell County;;2000;Occ Housing Units Heated by Coal, Wood, Solar, or Other;1040
McDowell County;;1990;Occ Housing Units Heated by Bottled Tank or LP Gas Fuel;300
Macon County;;1990;Occupied Housing Units Heated by Fuel Oil;2683
Madison County;;2015;Occ Housing Units Heated by Bottled Tank or LP Gas Fuel;1266
Madison County;;2000;Occ Housing Units Heated by Bottled Tank or LP Gas Fuel;758
Martin County;;2015;Occupied Housing Units Heated by Electricity;5266
Martin County;;2000;Occupied Housing Units Heated by Fuel Oil;1387
Martin County;;2000;Occupied Housing Units Heated by Electricity;3763
Mecklenburg County;;2010;Occupied Housing Units Heated by Electricity;150499
Mecklenburg County;;1990;Occupied Housing Units Heated by Fuel Oil;19204
Mecklenburg County;;1990;Occupied Housing Units Heated by Electricity;94102
Mitchell County;;1990;Occupied Housing Units Heated by Fuel Oil;3590
Mitchell County;;1990;Occupied Housing Units Heated by Electricity;753
Mitchell County;;1990;Occ Housing Units Heated by Bottled Tank or LP Gas Fuel;110
Moore County;;2010;Occupied Housing Units Heated by Electricity;25570
Nash County;;2015;Occupied Housing Units without House Heating Fuel;88
Nash County;;1990;Occupied Housing Units without House Heating Fuel;49
Nash County;;1990;Occ Housing Units Heated by Coal, Wood, Solar, or Other;2744
New Hanover County;;2015;Occupied Housing Units without House Heating Fuel;365
New Hanover County;;2015;Occupied Housing Units Heated by Fuel Oil;586
New Hanover County;;2010;Occ Housing Units Heated by Coal, Wood, Solar, or Other;394
New Hanover County;;2000;Occupied Housing Units without House Heating Fuel;251
New Hanover County;;2000;Occupied Housing Units Heated by Electricity;53915
Northampton County;;2015;Occ Housing Units Heated by Gas Piped Underground;185
Northampton County;;2010;Occ Housing Units Heated by Bottled Tank or LP Gas Fuel;2662
Onslow County;;2010;Occupied Housing Units Heated by Fuel Oil;997
Onslow County;;2010;Occ Housing Units Heated by Bottled Tank or LP Gas Fuel;3569
Orange County;;2015;Occupied Housing Units without House Heating Fuel;155
Orange County;;2010;Occ Housing Units Heated by Coal, Wood, Solar, or Other;1513
Orange County;;2000;Occ Housing Units Heated by Coal, Wood, Solar, or Other;1245
Orange County;;2000;Occupied Housing Units without House Heating Fuel;184
Pamlico County;;1990;Occupied Housing Units Heated by Electricity;1831
Pasquotank County;;2015;Occ Housing Units Heated by Bottled Tank or LP Gas Fuel;1939
Pasquotank County;;2010;Occ Housing Units Heated by Coal, Wood, Solar, or Other;197
Pasquotank County;;2010;Occupied Housing Units Heated by Electricity;9811
Pasquotank County;;1990;Occ Housing Units Heated by Coal, Wood, Solar, or Other;678
Pasquotank County;;1990;Occupied Housing Units Heated by Electricity;5112
Perquimans County;;2015;Occupied Housing Units Heated by Fuel Oil;162
Perquimans County;;2010;Occupied Housing Units without House Heating Fuel;13
Perquimans County;;2000;Occ Housing Units Heated by Coal, Wood, Solar, or Other;210
Pitt County;;2015;Occupied Housing Units without House Heating Fuel;240
Pitt County;;2015;Occ Housing Units Heated by Bottled Tank or LP Gas Fuel;4738
Pitt County;;2010;Occupied Housing Units without House Heating Fuel;142
Pitt County;;2000;Occupied Housing Units Heated by Electricity;30475
Polk County;;2015;Occupied Housing Units Heated by Fuel Oil;666
Randolph County;;2010;Occupied Housing Units Heated by Fuel Oil;4218
Randolph County;;2000;Occ Housing Units Heated by Coal, Wood, Solar, or Other;1939
Randolph County;;2000;Occupied Housing Units without House Heating Fuel;152
Randolph County;;1990;Occupied Housing Units Heated by Electricity;15844
Randolph County;;2000;Occupied Housing Units Heated by Electricity;24797
Richmond County;;2015;Occupied Housing Units without House Heating Fuel;62
Richmond County;;2010;Occ Housing Units Heated by Coal, Wood, Solar, or Other;565
Richmond County;;2000;Occupied Housing Units without House Heating Fuel;72
Richmond County;;1990;Occ Housing Units Heated by Bottled Tank or LP Gas Fuel;2078
Richmond County;;1990;Occ Housing Units Heated by Gas Piped Underground;2774
Robeson County;;2000;Occ Housing Units Heated by Bottled Tank or LP Gas Fuel;11413
Rockingham County;;2015;Occ Housing Units Heated by Coal, Wood, Solar, or Other;1659
Rockingham County;;2000;Occ Housing Units Heated by Gas Piped Underground;10687
Rockingham County;;1990;Occupied Housing Units Heated by Fuel Oil;8047
Rockingham County;;1990;Occ Housing Units Heated by Gas Piped Underground;8346
Rowan County;;2015;Occupied Housing Units Heated by Electricity;31982
Rowan County;;1990;Occ Housing Units Heated by Gas Piped Underground;10050
Rutherford County;;2015;Occ Housing Units Heated by Coal, Wood, Solar, or Other;1464
Rutherford County;;2015;Occupied Housing Units Heated by Fuel Oil;1736
Sampson County;;2010;Occupied Housing Units Heated by Fuel Oil;858
Sampson County;;2000;Occ Housing Units Heated by Bottled Tank or LP Gas Fuel;7457
Sampson County;;1990;Occ Housing Units Heated by Bottled Tank or LP Gas Fuel;4322
Scotland County;;1990;Occupied Housing Units without House Heating Fuel;13
Scotland County;;1990;Occ Housing Units Heated by Coal, Wood, Solar, or Other;663
Scotland County;;1990;Occupied Housing Units Heated by Electricity;5255
Stanly County;;2015;Occupied Housing Units without House Heating Fuel;125
Stanly County;;2010;Occupied Housing Units without House Heating Fuel;89
Stanly County;;2010;Occ Housing Units Heated by Bottled Tank or LP Gas Fuel;3268
Stanly County;;2000;Occ Housing Units Heated by Bottled Tank or LP Gas Fuel;4487
Stanly County;;2000;Occupied Housing Units Heated by Fuel Oil;6172
Stokes County;;2015;Occ Housing Units Heated by Gas Piped Underground;928
Stokes County;;2010;Occupied Housing Units without House Heating Fuel;122
Surry County;;2015;Occupied Housing Units Heated by Electricity;19494
Surry County;;2015;Occ Housing Units Heated by Gas Piped Underground;790
Surry County;;2000;Occ Housing Units Heated by Coal, Wood, Solar, or Other;1247
Swain County;;2015;Occ Housing Units Heated by Bottled Tank or LP Gas Fuel;1345
Swain County;;2010;Occ Housing Units Heated by Gas Piped Underground;178
Swain County;;2000;Occupied Housing Units without House Heating Fuel;22
Swain County;;1990;Occupied Housing Units Heated by Fuel Oil;1338
Transylvania County;;2010;Occ Housing Units Heated by Bottled Tank or LP Gas Fuel;2105
Tyrrell County;;2015;Occupied Housing Units without House Heating Fuel;6
Union County;;2015;Occupied Housing Units without House Heating Fuel;160
Union County;;2015;Occupied Housing Units Heated by Fuel Oil;848
Union County;;2010;Occupied Housing Units without House Heating Fuel;84
Union County;;2010;Occ Housing Units Heated by Coal, Wood, Solar, or Other;858
Union County;;2010;Occ Housing Units Heated by Gas Piped Underground;27801
Union County;;2000;Occ Housing Units Heated by Gas Piped Underground;12680
Union County;;2000;Occupied Housing Units without House Heating Fuel;96
Union County;;1990;Occupied Housing Units Heated by Fuel Oil;6438
Union County;;1990;Occ Housing Units Heated by Gas Piped Underground;2553
Vance County;;2015;Occupied Housing Units Heated by Fuel Oil;1045
Vance County;;2015;Occ Housing Units Heated by Bottled Tank or LP Gas Fuel;1632
Vance County;;2000;Occ Housing Units Heated by Bottled Tank or LP Gas Fuel;2136
Vance County;;1990;Occupied Housing Units without House Heating Fuel;29
Vance County;;1990;Occupied Housing Units Heated by Fuel Oil;4068
Wake County;;2010;Occ Housing Units Heated by Coal, Wood, Solar, or Other;1286
Wake County;;1990;Occ Housing Units Heated by Coal, Wood, Solar, or Other;4011
Wake County;;1990;Occ Housing Units Heated by Gas Piped Underground;57267
Warren County;;2015;Occupied Housing Units Heated by Electricity;4963
Warren County;;2010;Occupied Housing Units Heated by Electricity;3858
Washington County;;2015;Occupied Housing Units Heated by Fuel Oil;482
Watauga County;;2015;Occupied Housing Units Heated by Electricity;10354
Watauga County;;2015;Occ Housing Units Heated by Bottled Tank or LP Gas Fuel;3406
Watauga County;;1990;Occ Housing Units Heated by Gas Piped Underground;27
Wayne County;;2010;Occupied Housing Units Heated by Electricity;31733
Wayne County;;2000;Occ Housing Units Heated by Bottled Tank or LP Gas Fuel;10422
Wilkes County;;2015;Occ Housing Units Heated by Coal, Wood, Solar, or Other;1829
Wilkes County;;2015;Occ Housing Units Heated by Bottled Tank or LP Gas Fuel;2696
Wilkes County;;2015;Occ Housing Units Heated by Gas Piped Underground;945
Wilkes County;;2000;Occupied Housing Units without House Heating Fuel;60
Wilson County;;2015;Occupied Housing Units Heated by Fuel Oil;472
Wilson County;;2010;Occ Housing Units Heated by Coal, Wood, Solar, or Other;503
Wilson County;;2010;Occ Housing Units Heated by Gas Piped Underground;11155
Wilson County;;2000;Occ Housing Units Heated by Gas Piped Underground;10610
Yadkin County;;2010;Occupied Housing Units Heated by Electricity;9407
Yadkin County;;2000;Occupied Housing Units Heated by Electricity;7606
Yancey County;;2010;Occ Housing Units Heated by Coal, Wood, Solar, or Other;1358
Yancey County;;2010;Occupied Housing Units Heated by Fuel Oil;3919
Yancey County;;2010;Occ Housing Units Heated by Gas Piped Underground;105
Yancey County;;1990;Occ Housing Units Heated by Coal, Wood, Solar, or Other;1652
Yancey County;;1990;Occupied Housing Units Heated by Electricity;487
Alamance County;;2015;Occupied Housing Units without House Heating Fuel;232
Alamance County;;2010;Occ Housing Units Heated by Gas Piped Underground;26390
Alexander County;;2010;Occ Housing Units Heated by Coal, Wood, Solar, or Other;677
Alexander County;;2000;Occ Housing Units Heated by Bottled Tank or LP Gas Fuel;1512
Alleghany County;;2000;Occ Housing Units Heated by Bottled Tank or LP Gas Fuel;623
Alleghany County;;1990;Occupied Housing Units without House Heating Fuel;3
Anson County;;2010;Occupied Housing Units Heated by Fuel Oil;1126
Anson County;;2000;Occ Housing Units Heated by Gas Piped Underground;895
Ashe County;;2010;Occ Housing Units Heated by Bottled Tank or LP Gas Fuel;1554
Ashe County;;2000;Occ Housing Units Heated by Gas Piped Underground;24
Avery County;;2015;Occupied Housing Units without House Heating Fuel;31
Beaufort County;;2015;Occupied Housing Units Heated by Fuel Oil;398
Beaufort County;;2010;Occupied Housing Units Heated by Electricity;8857
Beaufort County;;2000;Occupied Housing Units Heated by Electricity;6408
Beaufort County;;1990;Occupied Housing Units Heated by Fuel Oil;3724
Beaufort County;;1990;Occ Housing Units Heated by Bottled Tank or LP Gas Fuel;4182
Bertie County;;2010;Occ Housing Units Heated by Gas Piped Underground;151
Bertie County;;1990;Occupied Housing Units Heated by Electricity;1769
Bertie County;;1990;Occ Housing Units Heated by Gas Piped Underground;39
Bladen County;;1990;Occ Housing Units Heated by Bottled Tank or LP Gas Fuel;2535
Brunswick County;;2010;Occupied Housing Units without House Heating Fuel;209
Brunswick County;;2010;Occ Housing Units Heated by Gas Piped Underground;648
Brunswick County;;1990;Occupied Housing Units without House Heating Fuel;53
Brunswick County;;1990;Occupied Housing Units Heated by Fuel Oil;3792
Buncombe County;;2010;Occupied Housing Units Heated by Electricity;47765
Buncombe County;;2010;Occ Housing Units Heated by Bottled Tank or LP Gas Fuel;7385
Buncombe County;;2000;Occupied Housing Units without House Heating Fuel;223
Burke County;;2015;Occ Housing Units Heated by Gas Piped Underground;4502
Burke County;;2000;Occupied Housing Units without House Heating Fuel;89
Cabarrus County;;2015;Occupied Housing Units without House Heating Fuel;167
Cabarrus County;;2000;Occupied Housing Units Heated by Fuel Oil;4435
Cabarrus County;;2000;Occupied Housing Units without House Heating Fuel;88
Cabarrus County;;1990;Occupied Housing Units Heated by Electricity;14515
Caldwell County;;2010;Occ Housing Units Heated by Bottled Tank or LP Gas Fuel;1778
Caldwell County;;2000;Occupied Housing Units Heated by Fuel Oil;8458
Caldwell County;;2000;Occupied Housing Units Heated by Electricity;14252
Caldwell County;;1990;Occupied Housing Units Heated by Electricity;9243
Caldwell County;;1990;Occ Housing Units Heated by Bottled Tank or LP Gas Fuel;1127
Camden County;;2015;Occ Housing Units Heated by Coal, Wood, Solar, or Other;47
Camden County;;2015;Occ Housing Units Heated by Bottled Tank or LP Gas Fuel;617
Camden County;;2010;Occ Housing Units Heated by Coal, Wood, Solar, or Other;58
Caswell County;;2000;Occupied Housing Units without House Heating Fuel;2
Catawba County;;2015;Occupied Housing Units without House Heating Fuel;413
Catawba County;;2015;Occ Housing Units Heated by Bottled Tank or LP Gas Fuel;1992
Catawba County;;2010;Occupied Housing Units Heated by Electricity;38447
Catawba County;;2000;Occupied Housing Units Heated by Fuel Oil;6843
Catawba County;;2000;Occ Housing Units Heated by Coal, Wood, Solar, or Other;1233
Catawba County;;1990;Occupied Housing Units without House Heating Fuel;53
Catawba County;;1990;Occupied Housing Units Heated by Electricity;21228
Chatham County;;2015;Occ Housing Units Heated by Coal, Wood, Solar, or Other;1164
Chatham County;;2000;Occupied Housing Units Heated by Electricity;8044
Chatham County;;1990;Occupied Housing Units Heated by Electricity;4982
Cherokee County;;2015;Occ Housing Units Heated by Coal, Wood, Solar, or Other;797
Cherokee County;;2010;Occ Housing Units Heated by Bottled Tank or LP Gas Fuel;2948
Cherokee County;;2010;Occ Housing Units Heated by Gas Piped Underground;191
Chowan County;;2015;Occ Housing Units Heated by Bottled Tank or LP Gas Fuel;1660
Chowan County;;2010;Occ Housing Units Heated by Coal, Wood, Solar, or Other;88
Chowan County;;1990;Occupied Housing Units without House Heating Fuel;0
Clay County;;2015;Occ Housing Units Heated by Bottled Tank or LP Gas Fuel;1335
Clay County;;1990;Occ Housing Units Heated by Coal, Wood, Solar, or Other;828
Columbus County;;2015;Occ Housing Units Heated by Coal, Wood, Solar, or Other;488
Columbus County;;2000;Occ Housing Units Heated by Coal, Wood, Solar, or Other;433
Columbus County;;1990;Occ Housing Units Heated by Gas Piped Underground;192
Craven County;;2015;Occupied Housing Units Heated by Fuel Oil;610
Craven County;;2000;Occ Housing Units Heated by Gas Piped Underground;2966
Craven County;;1990;Occupied Housing Units Heated by Fuel Oil;4797
Cumberland County;;2010;Occupied Housing Units without House Heating Fuel;463
Dare County;;2015;Occupied Housing Units Heated by Electricity;13409
Dare County;;1990;Occ Housing Units Heated by Coal, Wood, Solar, or Other;360
Davidson County;;2015;Occupied Housing Units Heated by Fuel Oil;4823
Davidson County;;2000;Occupied Housing Units without House Heating Fuel;212
Davidson County;;1990;Occ Housing Units Heated by Coal, Wood, Solar, or Other;4981
Davidson County;;1990;Occupied Housing Units Heated by Electricity;20602
Davidson County;;1990;Occ Housing Units Heated by Gas Piped Underground;5179
Davie County;;2015;Occ Housing Units Heated by Gas Piped Underground;2231
Davie County;;2000;Occ Housing Units Heated by Gas Piped Underground;1096
Davie County;;1990;Occ Housing Units Heated by Gas Piped Underground;144
Duplin County;;2000;Occ Housing Units Heated by Coal, Wood, Solar, or Other;262
Durham County;;2015;Occ Housing Units Heated by Coal, Wood, Solar, or Other;356
Durham County;;2000;Occ Housing Units Heated by Bottled Tank or LP Gas Fuel;4569
Durham County;;1990;Occupied Housing Units without House Heating Fuel;48
Durham County;;1990;Occ Housing Units Heated by Coal, Wood, Solar, or Other;1810
Durham County;;1990;Occupied Housing Units Heated by Fuel Oil;8551
Edgecombe County;;2015;Occupied Housing Units Heated by Fuel Oil;461
Edgecombe County;;2010;Occ Housing Units Heated by Coal, Wood, Solar, or Other;451
Edgecombe County;;2010;Occupied Housing Units Heated by Electricity;9366
Edgecombe County;;1990;Occupied Housing Units Heated by Electricity;6115
Forsyth County;;2010;Occupied Housing Units Heated by Electricity;75269
Franklin County;;2015;Occupied Housing Units Heated by Fuel Oil;615
Franklin County;;2015;Occupied Housing Units Heated by Electricity;16464
Gaston County;;2015;Occupied Housing Units Heated by Fuel Oil;1714
Gaston County;;2010;Occ Housing Units Heated by Bottled Tank or LP Gas Fuel;2870
Gaston County;;1990;Occupied Housing Units Heated by Electricity;21434
Gates County;;2015;Occupied Housing Units Heated by Electricity;2752
Graham County;;2015;Occupied Housing Units Heated by Fuel Oil;491
Graham County;;2010;Occ Housing Units Heated by Coal, Wood, Solar, or Other;267
Graham County;;2000;Occupied Housing Units without House Heating Fuel;0
Graham County;;1990;Occ Housing Units Heated by Coal, Wood, Solar, or Other;798
Granville County;;2015;Occupied Housing Units without House Heating Fuel;26
Granville County;;2000;Occ Housing Units Heated by Coal, Wood, Solar, or Other;1046
Granville County;;1990;Occ Housing Units Heated by Bottled Tank or LP Gas Fuel;1927
Greene County;;2010;Occ Housing Units Heated by Coal, Wood, Solar, or Other;92
Guilford County;;2010;Occ Housing Units Heated by Gas Piped Underground;85699
Halifax County;;2010;Occ Housing Units Heated by Coal, Wood, Solar, or Other;666
Halifax County;;2000;Occ Housing Units Heated by Bottled Tank or LP Gas Fuel;4933
Halifax County;;2000;Occupied Housing Units without House Heating Fuel;46
Halifax County;;1990;Occupied Housing Units Heated by Electricity;5444
Harnett County;;2010;Occ Housing Units Heated by Gas Piped Underground;3891
Harnett County;;1990;Occupied Housing Units without House Heating Fuel;24
Harnett County;;1990;Occupied Housing Units Heated by Electricity;10929
Haywood County;;2000;Occupied Housing Units Heated by Fuel Oil;10997
Henderson County;;2000;Occupied Housing Units Heated by Fuel Oil;6375
Henderson County;;1990;Occupied Housing Units Heated by Electricity;11113
Hertford County;;2015;Occupied Housing Units Heated by Fuel Oil;691
Hertford County;;2010;Occupied Housing Units without House Heating Fuel;20
Hertford County;;2010;Occupied Housing Units Heated by Fuel Oil;1255
Hertford County;;2010;Occupied Housing Units Heated by Electricity;4418
Hertford County;;1990;Occupied Housing Units Heated by Electricity;2386
Hoke County;;2015;Occ Housing Units Heated by Gas Piped Underground;1039
Hoke County;;2000;Occ Housing Units Heated by Bottled Tank or LP Gas Fuel;2598
Hyde County;;2010;Occupied Housing Units Heated by Fuel Oil;56
Hyde County;;1990;Occupied Housing Units Heated by Fuel Oil;626
Iredell County;;2000;Occupied Housing Units Heated by Fuel Oil;6073
Iredell County;;1990;Occ Housing Units Heated by Bottled Tank or LP Gas Fuel;1230
Jackson County;;2000;Occ Housing Units Heated by Coal, Wood, Solar, or Other;1173
Jackson County;;2000;Occupied Housing Units Heated by Electricity;5846
Johnston County;;2015;Occupied Housing Units Heated by Fuel Oil;579
Johnston County;;2010;Occupied Housing Units without House Heating Fuel;165
Johnston County;;2000;Occ Housing Units Heated by Gas Piped Underground;3641
Johnston County;;2000;Occupied Housing Units without House Heating Fuel;106
Johnston County;;1990;Occ Housing Units Heated by Bottled Tank or LP Gas Fuel;9383
Jones County;;2010;Occ Housing Units Heated by Gas Piped Underground;65
Lee County;;2000;Occ Housing Units Heated by Gas Piped Underground;3730
Lee County;;1990;Occ Housing Units Heated by Gas Piped Underground;3190
Lenoir County;;2010;Occupied Housing Units without House Heating Fuel;90
Lenoir County;;1990;Occupied Housing Units without House Heating Fuel;34
Lincoln County;;2010;Occ Housing Units Heated by Bottled Tank or LP Gas Fuel;2064
Lincoln County;;2000;Occ Housing Units Heated by Bottled Tank or LP Gas Fuel;2102
Lincoln County;;1990;Occ Housing Units Heated by Bottled Tank or LP Gas Fuel;960
McDowell County;;2015;Occupied Housing Units without House Heating Fuel;116
McDowell County;;2000;Occ Housing Units Heated by Bottled Tank or LP Gas Fuel;1565
McDowell County;;1990;Occupied Housing Units without House Heating Fuel;5
Macon County;;2010;Occupied Housing Units Heated by Fuel Oil;1232
Macon County;;2010;Occ Housing Units Heated by Gas Piped Underground;758
Macon County;;2000;Occ Housing Units Heated by Coal, Wood, Solar, or Other;1128
Macon County;;2000;Occupied Housing Units without House Heating Fuel;8
Madison County;;2015;Occupied Housing Units without House Heating Fuel;8
Madison County;;2000;Occ Housing Units Heated by Coal, Wood, Solar, or Other;844
Martin County;;1990;Occupied Housing Units without House Heating Fuel;2
Mecklenburg County;;2015;Occ Housing Units Heated by Coal, Wood, Solar, or Other;1705
Mecklenburg County;;2010;Occ Housing Units Heated by Coal, Wood, Solar, or Other;1162
Mecklenburg County;;2010;Occ Housing Units Heated by Gas Piped Underground;189654
Mecklenburg County;;1990;Occ Housing Units Heated by Coal, Wood, Solar, or Other;3550
Montgomery County;;2015;Occ Housing Units Heated by Gas Piped Underground;478
Montgomery County;;2010;Occ Housing Units Heated by Gas Piped Underground;236
Montgomery County;;2000;Occ Housing Units Heated by Gas Piped Underground;242
Montgomery County;;1990;Occ Housing Units Heated by Bottled Tank or LP Gas Fuel;1118
Moore County;;2015;Occ Housing Units Heated by Gas Piped Underground;1964
Moore County;;2010;Occupied Housing Units Heated by Fuel Oil;1439
Moore County;;2010;Occ Housing Units Heated by Gas Piped Underground;2217
Moore County;;2000;Occupied Housing Units Heated by Fuel Oil;3002
Moore County;;1990;Occupied Housing Units without House Heating Fuel;28
Nash County;;2000;Occ Housing Units Heated by Gas Piped Underground;8481
Nash County;;2000;Occupied Housing Units Heated by Electricity;14107
New Hanover County;;1990;Occupied Housing Units without House Heating Fuel;127
Northampton County;;2010;Occupied Housing Units Heated by Electricity;3843
Onslow County;;2015;Occ Housing Units Heated by Gas Piped Underground;1524
Onslow County;;2000;Occ Housing Units Heated by Gas Piped Underground;362
Onslow County;;1990;Occ Housing Units Heated by Coal, Wood, Solar, or Other;1883
Orange County;;2000;Occ Housing Units Heated by Gas Piped Underground;15295
Orange County;;1990;Occupied Housing Units Heated by Fuel Oil;3667
Pamlico County;;2015;Occupied Housing Units Heated by Electricity;4039
Pamlico County;;2015;Occ Housing Units Heated by Bottled Tank or LP Gas Fuel;857
Pamlico County;;2000;Occupied Housing Units Heated by Fuel Oil;500
Pasquotank County;;2015;Occ Housing Units Heated by Gas Piped Underground;739
Pasquotank County;;2010;Occupied Housing Units Heated by Fuel Oil;1350
Pasquotank County;;2000;Occ Housing Units Heated by Coal, Wood, Solar, or Other;251
Pasquotank County;;2000;Occupied Housing Units without House Heating Fuel;67
Pasquotank County;;1990;Occ Housing Units Heated by Bottled Tank or LP Gas Fuel;1130
Pender County;;1990;Occ Housing Units Heated by Bottled Tank or LP Gas Fuel;1981
Perquimans County;;2015;Occ Housing Units Heated by Coal, Wood, Solar, or Other;110
Perquimans County;;2010;Occupied Housing Units Heated by Electricity;2894
Perquimans County;;2010;Occ Housing Units Heated by Bottled Tank or LP Gas Fuel;1659
Perquimans County;;2010;Occ Housing Units Heated by Gas Piped Underground;196
Perquimans County;;1990;Occupied Housing Units without House Heating Fuel;16
Person County;;2015;Occupied Housing Units without House Heating Fuel;28
Person County;;2000;Occ Housing Units Heated by Bottled Tank or LP Gas Fuel;3648
Person County;;2000;Occ Housing Units Heated by Coal, Wood, Solar, or Other;729
Person County;;1990;Occupied Housing Units without House Heating Fuel;6
Person County;;1990;Occ Housing Units Heated by Gas Piped Underground;1937
Pitt County;;2010;Occ Housing Units Heated by Bottled Tank or LP Gas Fuel;6592
Pitt County;;1990;Occupied Housing Units without House Heating Fuel;46
Pitt County;;1990;Occ Housing Units Heated by Coal, Wood, Solar, or Other;1667
Polk County;;2015;Occ Housing Units Heated by Bottled Tank or LP Gas Fuel;1234
Polk County;;2015;Occ Housing Units Heated by Gas Piped Underground;694
Polk County;;1990;Occ Housing Units Heated by Coal, Wood, Solar, or Other;1022
Polk County;;1990;Occupied Housing Units Heated by Fuel Oil;1924
Polk County;;1990;Occ Housing Units Heated by Gas Piped Underground;465
Randolph County;;2010;Occ Housing Units Heated by Coal, Wood, Solar, or Other;2156
Richmond County;;2000;Occ Housing Units Heated by Coal, Wood, Solar, or Other;386
Robeson County;;2015;Occ Housing Units Heated by Coal, Wood, Solar, or Other;1155
Robeson County;;2010;Occ Housing Units Heated by Bottled Tank or LP Gas Fuel;8907
Robeson County;;2010;Occ Housing Units Heated by Gas Piped Underground;5021
Robeson County;;1990;Occupied Housing Units without House Heating Fuel;101
Robeson County;;1990;Occupied Housing Units Heated by Fuel Oil;6420
Robeson County;;1990;Occupied Housing Units Heated by Electricity;13336
Rockingham County;;2015;Occupied Housing Units without House Heating Fuel;97
Rockingham County;;2010;Occ Housing Units Heated by Bottled Tank or LP Gas Fuel;2790
Rowan County;;2010;Occ Housing Units Heated by Coal, Wood, Solar, or Other;1584
Rowan County;;2010;Occ Housing Units Heated by Gas Piped Underground;13931
Rowan County;;2000;Occ Housing Units Heated by Gas Piped Underground;14687
Rowan County;;1990;Occupied Housing Units without House Heating Fuel;99
Rowan County;;1990;Occ Housing Units Heated by Bottled Tank or LP Gas Fuel;1339
Rowan County;;2000;Occupied Housing Units Heated by Electricity;24173
Rutherford County;;2015;Occ Housing Units Heated by Gas Piped Underground;2669
Rutherford County;;2010;Occupied Housing Units without House Heating Fuel;123
Rutherford County;;2010;Occ Housing Units Heated by Bottled Tank or LP Gas Fuel;3666
Rutherford County;;2010;Occ Housing Units Heated by Gas Piped Underground;2462
Sampson County;;2015;Occupied Housing Units Heated by Fuel Oil;728
Sampson County;;2010;Occupied Housing Units without House Heating Fuel;49
Sampson County;;2010;Occ Housing Units Heated by Bottled Tank or LP Gas Fuel;6691
Scotland County;;2015;Occupied Housing Units without House Heating Fuel;25
Scotland County;;2015;Occupied Housing Units Heated by Electricity;9005
Scotland County;;2015;Occ Housing Units Heated by Gas Piped Underground;1823
Scotland County;;2000;Occ Housing Units Heated by Bottled Tank or LP Gas Fuel;2445
Scotland County;;2000;Occupied Housing Units Heated by Electricity;7322
Stanly County;;2015;Occupied Housing Units Heated by Electricity;14593
Stokes County;;2000;Occ Housing Units Heated by Gas Piped Underground;296
Stokes County;;1990;Occupied Housing Units without House Heating Fuel;26
Surry County;;2000;Occ Housing Units Heated by Gas Piped Underground;163
Surry County;;2000;Occupied Housing Units without House Heating Fuel;132
Swain County;;2010;Occ Housing Units Heated by Coal, Wood, Solar, or Other;747
Swain County;;2010;Occupied Housing Units Heated by Fuel Oil;780
Swain County;;2010;Occupied Housing Units Heated by Electricity;2691
Swain County;;1990;Occ Housing Units Heated by Coal, Wood, Solar, or Other;1519
Transylvania County;;2015;Occ Housing Units Heated by Gas Piped Underground;2014
Transylvania County;;2000;Occ Housing Units Heated by Bottled Tank or LP Gas Fuel;2342
Transylvania County;;2000;Occupied Housing Units Heated by Electricity;4964
Tyrrell County;;2010;Occ Housing Units Heated by Gas Piped Underground;63
Union County;;2015;Occ Housing Units Heated by Gas Piped Underground;31162
Union County;;2000;Occ Housing Units Heated by Bottled Tank or LP Gas Fuel;7120
Vance County;;2015;Occupied Housing Units Heated by Electricity;11092
Vance County;;2010;Occ Housing Units Heated by Gas Piped Underground;2808
Vance County;;2000;Occupied Housing Units Heated by Electricity;7779
Wake County;;2010;Occ Housing Units Heated by Bottled Tank or LP Gas Fuel;16588
Wake County;;2000;Occ Housing Units Heated by Gas Piped Underground;100902
Wake County;;2000;Occupied Housing Units Heated by Fuel Oil;4265
Wake County;;2000;Occ Housing Units Heated by Coal, Wood, Solar, or Other;1436
Wake County;;1990;Occ Housing Units Heated by Bottled Tank or LP Gas Fuel;10696
Warren County;;2010;Occ Housing Units Heated by Bottled Tank or LP Gas Fuel;2051
Warren County;;2000;Occ Housing Units Heated by Gas Piped Underground;93
Warren County;;2000;Occ Housing Units Heated by Coal, Wood, Solar, or Other;516
Warren County;;1990;Occupied Housing Units Heated by Electricity;1318
Washington County;;2015;Occupied Housing Units without House Heating Fuel;26
Washington County;;2010;Occupied Housing Units Heated by Electricity;2006
Watauga County;;2015;Occupied Housing Units Heated by Fuel Oil;3905
Watauga County;;2010;Occ Housing Units Heated by Bottled Tank or LP Gas Fuel;3393
Watauga County;;2000;Occ Housing Units Heated by Coal, Wood, Solar, or Other;993
Wayne County;;2015;Occ Housing Units Heated by Coal, Wood, Solar, or Other;267
Wayne County;;2015;Occ Housing Units Heated by Bottled Tank or LP Gas Fuel;7393
Wilkes County;;2010;Occupied Housing Units without House Heating Fuel;228
Wilson County;;2015;Occ Housing Units Heated by Bottled Tank or LP Gas Fuel;3641
Wilson County;;2015;Occ Housing Units Heated by Gas Piped Underground;10134
Wilson County;;2010;Occupied Housing Units without House Heating Fuel;177
Wilson County;;2000;Occ Housing Units Heated by Bottled Tank or LP Gas Fuel;4578
Wilson County;;2000;Occupied Housing Units Heated by Electricity;11263
Yancey County;;2015;Occ Housing Units Heated by Gas Piped Underground;169
Yancey County;;2000;Occ Housing Units Heated by Bottled Tank or LP Gas Fuel;595
Yancey County;;2000;Occ Housing Units Heated by Coal, Wood, Solar, or Other;769
Alexander County;;2020;Occ Housing Units Heated by Gas Piped Underground;494
Anson County;;2020;Occ Housing Units Heated by Gas Piped Underground;547
Bladen County;;2020;Occ Housing Units Heated by Gas Piped Underground;673
Columbus County;;2020;Occ Housing Units Heated by Gas Piped Underground;456
Davie County;;2020;Occ Housing Units Heated by Gas Piped Underground;2425
Durham County;;2020;Occ Housing Units Heated by Gas Piped Underground;47594
Iredell County;;2020;Occ Housing Units Heated by Gas Piped Underground;19425
Johnston County;;2020;Occ Housing Units Heated by Gas Piped Underground;7204
Lenoir County;;2020;Occ Housing Units Heated by Gas Piped Underground;3834
Pamlico County;;2020;Occ Housing Units Heated by Gas Piped Underground;76
Rutherford County;;2020;Occ Housing Units Heated by Gas Piped Underground;2042
Transylvania County;;2020;Occ Housing Units Heated by Gas Piped Underground;1918
Tyrrell County;;2020;Occ Housing Units Heated by Gas Piped Underground;24
Avery County;;2020;Occ Housing Units Heated by Bottled Tank or LP Gas Fuel;1291
Brunswick County;;2020;Occ Housing Units Heated by Bottled Tank or LP Gas Fuel;4565
Burke County;;2020;Occ Housing Units Heated by Bottled Tank or LP Gas Fuel;2159
Chatham County;;2020;Occ Housing Units Heated by Bottled Tank or LP Gas Fuel;4074
Davie County;;2020;Occ Housing Units Heated by Bottled Tank or LP Gas Fuel;850
Halifax County;;2020;Occ Housing Units Heated by Bottled Tank or LP Gas Fuel;3568
Madison County;;2020;Occ Housing Units Heated by Bottled Tank or LP Gas Fuel;1333
Pender County;;2020;Occ Housing Units Heated by Bottled Tank or LP Gas Fuel;1759
Polk County;;2020;Occ Housing Units Heated by Bottled Tank or LP Gas Fuel;1459
Richmond County;;2020;Occ Housing Units Heated by Bottled Tank or LP Gas Fuel;2066
Rowan County;;2020;Occ Housing Units Heated by Bottled Tank or LP Gas Fuel;1801
Stanly County;;2020;Occ Housing Units Heated by Bottled Tank or LP Gas Fuel;2548
Tyrrell County;;2020;Occ Housing Units Heated by Bottled Tank or LP Gas Fuel;424
Anson County;;2020;Occupied Housing Units Heated by Electricity;5715
Ashe County;;2020;Occupied Housing Units Heated by Electricity;4987
Burke County;;2020;Occupied Housing Units Heated by Electricity;24959
Caldwell County;;2020;Occupied Housing Units Heated by Electricity;21777
Carteret County;;2020;Occupied Housing Units Heated by Electricity;26302
Catawba County;;2020;Occupied Housing Units Heated by Electricity;45583
Columbus County;;2020;Occupied Housing Units Heated by Electricity;15021
Currituck County;;2020;Occupied Housing Units Heated by Electricity;9325
Gaston County;;2020;Occupied Housing Units Heated by Electricity;46080
Greene County;;2020;Occupied Housing Units Heated by Electricity;5210
Halifax County;;2020;Occupied Housing Units Heated by Electricity;12677
Henderson County;;2020;Occupied Housing Units Heated by Electricity;30676
Pitt County;;2020;Occupied Housing Units Heated by Electricity;56493
Transylvania County;;2020;Occupied Housing Units Heated by Electricity;9127
Alamance County;;2020;Occupied Housing Units Heated by Fuel Oil;848
Alleghany County;;2020;Occupied Housing Units Heated by Fuel Oil;1060
Bertie County;;2020;Occupied Housing Units Heated by Fuel Oil;481
Craven County;;2020;Occupied Housing Units Heated by Fuel Oil;422
Franklin County;;2020;Occupied Housing Units Heated by Fuel Oil;469
Graham County;;2020;Occupied Housing Units Heated by Fuel Oil;450
Harnett County;;2020;Occupied Housing Units Heated by Fuel Oil;225
New Hanover County;;2020;Occupied Housing Units Heated by Fuel Oil;656
Orange County;;2020;Occupied Housing Units Heated by Fuel Oil;465
Surry County;;2020;Occupied Housing Units Heated by Fuel Oil;3338
Tyrrell County;;2020;Occupied Housing Units Heated by Fuel Oil;87
Union County;;2020;Occupied Housing Units Heated by Fuel Oil;556
Wilson County;;2020;Occupied Housing Units Heated by Fuel Oil;211
Beaufort County;;2020;Occ Housing Units Heated by Coal, Wood, Solar, or Other;423
Catawba County;;2020;Occ Housing Units Heated by Coal, Wood, Solar, or Other;1175
Cherokee County;;2020;Occ Housing Units Heated by Coal, Wood, Solar, or Other;989
Clay County;;2020;Occ Housing Units Heated by Coal, Wood, Solar, or Other;413
Currituck County;;2020;Occ Housing Units Heated by Coal, Wood, Solar, or Other;202
Davie County;;2020;Occ Housing Units Heated by Coal, Wood, Solar, or Other;637
Edgecombe County;;2020;Occ Housing Units Heated by Coal, Wood, Solar, or Other;133
Forsyth County;;2020;Occ Housing Units Heated by Coal, Wood, Solar, or Other;847
McDowell County;;2020;Occ Housing Units Heated by Coal, Wood, Solar, or Other;1255
Swain County;;2020;Occ Housing Units Heated by Coal, Wood, Solar, or Other;470
Washington County;;2020;Occ Housing Units Heated by Coal, Wood, Solar, or Other;102
Beaufort County;;2020;Occ Housing Units Heated by Gas Piped Underground;2294
Buncombe County;;2020;Occ Housing Units Heated by Gas Piped Underground;20331
Camden County;;2020;Occ Housing Units Heated by Gas Piped Underground;107
Catawba County;;2020;Occ Housing Units Heated by Gas Piped Underground;12105
Craven County;;2020;Occ Housing Units Heated by Gas Piped Underground;5429
Forsyth County;;2020;Occ Housing Units Heated by Gas Piped Underground;42498
Northampton County;;2020;Occ Housing Units Heated by Gas Piped Underground;284
Perquimans County;;2020;Occ Housing Units Heated by Gas Piped Underground;400
Surry County;;2020;Occ Housing Units Heated by Gas Piped Underground;760
Washington County;;2020;Occ Housing Units Heated by Gas Piped Underground;158
Anson County;;2020;Occupied Housing Units without House Heating Fuel;21
Ashe County;;2020;Occupied Housing Units without House Heating Fuel;16
Buncombe County;;2020;Occupied Housing Units without House Heating Fuel;474
Graham County;;2020;Occupied Housing Units without House Heating Fuel;0
Jones County;;2020;Occupied Housing Units without House Heating Fuel;39
Pamlico County;;2020;Occupied Housing Units without House Heating Fuel;8
Perquimans County;;2020;Occupied Housing Units without House Heating Fuel;17
Sampson County;;2020;Occupied Housing Units without House Heating Fuel;86
Scotland County;;2020;Occupied Housing Units without House Heating Fuel;81
Swain County;;2020;Occupied Housing Units without House Heating Fuel;21
Transylvania County;;2020;Occupied Housing Units without House Heating Fuel;128
Tyrrell County;;2020;Occupied Housing Units without House Heating Fuel;0
Washington County;;2020;Occupied Housing Units without House Heating Fuel;0
Watauga County;;2020;Occupied Housing Units without House Heating Fuel;61
Yancey County;;2020;Occupied Housing Units without House Heating Fuel;16
Ashe County;;2020;Occ Housing Units Heated by Bottled Tank or LP Gas Fuel;1808
Carteret County;;2020;Occ Housing Units Heated by Bottled Tank or LP Gas Fuel;2359
Cherokee County;;2020;Occ Housing Units Heated by Bottled Tank or LP Gas Fuel;2676
Columbus County;;2020;Occ Housing Units Heated by Bottled Tank or LP Gas Fuel;5380
Franklin County;;2020;Occ Housing Units Heated by Bottled Tank or LP Gas Fuel;3973
Gaston County;;2020;Occ Housing Units Heated by Bottled Tank or LP Gas Fuel;2369
Hoke County;;2020;Occ Housing Units Heated by Bottled Tank or LP Gas Fuel;1697
McDowell County;;2020;Occ Housing Units Heated by Bottled Tank or LP Gas Fuel;1985
Northampton County;;2020;Occ Housing Units Heated by Bottled Tank or LP Gas Fuel;2195
Randolph County;;2020;Occ Housing Units Heated by Bottled Tank or LP Gas Fuel;4976
Stokes County;;2020;Occ Housing Units Heated by Bottled Tank or LP Gas Fuel;1262
Vance County;;2020;Occ Housing Units Heated by Bottled Tank or LP Gas Fuel;1553
Wake County;;2020;Occ Housing Units Heated by Bottled Tank or LP Gas Fuel;11346
Yadkin County;;2020;Occ Housing Units Heated by Bottled Tank or LP Gas Fuel;741
Yancey County;;2020;Occ Housing Units Heated by Bottled Tank or LP Gas Fuel;1268
Bertie County;;2020;Occupied Housing Units Heated by Electricity;4835
Brunswick County;;2020;Occupied Housing Units Heated by Electricity;52176
Cumberland County;;2020;Occupied Housing Units Heated by Electricity;97308
Haywood County;;2020;Occupied Housing Units Heated by Electricity;15077
Hoke County;;2020;Occupied Housing Units Heated by Electricity;15485
Jones County;;2020;Occupied Housing Units Heated by Electricity;3094
Mitchell County;;2020;Occupied Housing Units Heated by Electricity;2428
Orange County;;2020;Occupied Housing Units Heated by Electricity;29966
Perquimans County;;2020;Occupied Housing Units Heated by Electricity;4084
Richmond County;;2020;Occupied Housing Units Heated by Electricity;12446
Scotland County;;2020;Occupied Housing Units Heated by Electricity;9828
Yadkin County;;2020;Occupied Housing Units Heated by Electricity;11765
Caswell County;;2020;Occupied Housing Units Heated by Fuel Oil;477
Chatham County;;2020;Occupied Housing Units Heated by Fuel Oil;519
Clay County;;2020;Occupied Housing Units Heated by Fuel Oil;322
Currituck County;;2020;Occupied Housing Units Heated by Fuel Oil;160
Edgecombe County;;2020;Occupied Housing Units Heated by Fuel Oil;444
Granville County;;2020;Occupied Housing Units Heated by Fuel Oil;377
Iredell County;;2020;Occupied Housing Units Heated by Fuel Oil;1939
Jones County;;2020;Occupied Housing Units Heated by Fuel Oil;48
Montgomery County;;2020;Occupied Housing Units Heated by Fuel Oil;841
Pamlico County;;2020;Occupied Housing Units Heated by Fuel Oil;40
Wake County;;2020;Occupied Housing Units Heated by Fuel Oil;977
Wayne County;;2020;Occupied Housing Units Heated by Fuel Oil;226
Bertie County;;2020;Occ Housing Units Heated by Coal, Wood, Solar, or Other;136
Bladen County;;2020;Occ Housing Units Heated by Coal, Wood, Solar, or Other;126
Columbus County;;2020;Occ Housing Units Heated by Coal, Wood, Solar, or Other;203
Craven County;;2020;Occ Housing Units Heated by Coal, Wood, Solar, or Other;328
Davidson County;;2020;Occ Housing Units Heated by Coal, Wood, Solar, or Other;1586
Gates County;;2020;Occ Housing Units Heated by Coal, Wood, Solar, or Other;131
Granville County;;2020;Occ Housing Units Heated by Coal, Wood, Solar, or Other;547
Iredell County;;2020;Occ Housing Units Heated by Coal, Wood, Solar, or Other;1310
Jones County;;2020;Occ Housing Units Heated by Coal, Wood, Solar, or Other;55
Lenoir County;;2020;Occ Housing Units Heated by Coal, Wood, Solar, or Other;77
Lincoln County;;2020;Occ Housing Units Heated by Coal, Wood, Solar, or Other;598
Orange County;;2020;Occ Housing Units Heated by Coal, Wood, Solar, or Other;1216
Pamlico County;;2020;Occ Housing Units Heated by Coal, Wood, Solar, or Other;127
Pender County;;2020;Occ Housing Units Heated by Coal, Wood, Solar, or Other;277
Richmond County;;2020;Occ Housing Units Heated by Coal, Wood, Solar, or Other;286
Sampson County;;2020;Occ Housing Units Heated by Coal, Wood, Solar, or Other;171
Scotland County;;2020;Occ Housing Units Heated by Coal, Wood, Solar, or Other;225
Vance County;;2020;Occ Housing Units Heated by Coal, Wood, Solar, or Other;563
Alamance County;;2020;Occupied Housing Units without House Heating Fuel;369
Avery County;;2020;Occupied Housing Units without House Heating Fuel;16
Burke County;;2020;Occupied Housing Units without House Heating Fuel;511
Columbus County;;2020;Occupied Housing Units without House Heating Fuel;59
Harnett County;;2020;Occupied Housing Units without House Heating Fuel;474
Hertford County;;2020;Occupied Housing Units without House Heating Fuel;21
Macon County;;2020;Occupied Housing Units without House Heating Fuel;101
Martin County;;2020;Occupied Housing Units without House Heating Fuel;114
Nash County;;2020;Occupied Housing Units without House Heating Fuel;123
Vance County;;2020;Occupied Housing Units without House Heating Fuel;129
Wayne County;;2020;Occupied Housing Units without House Heating Fuel;133
Yadkin County;;2020;Occupied Housing Units without House Heating Fuel;131
Alamance County;;2010;Occupied Housing Units Heated by Fuel Oil;2086
Alamance County;;2000;Occ Housing Units Heated by Gas Piped Underground;24211
Alamance County;;1990;Occupied Housing Units Heated by Fuel Oil;7552
Alexander County;;2010;Occupied Housing Units Heated by Fuel Oil;2128
Alleghany County;;2015;Occupied Housing Units Heated by Fuel Oil;1236
Alleghany County;;2015;Occ Housing Units Heated by Gas Piped Underground;42
Anson County;;2015;Occupied Housing Units without House Heating Fuel;5
Anson County;;2010;Occupied Housing Units without House Heating Fuel;28
Anson County;;2010;Occ Housing Units Heated by Coal, Wood, Solar, or Other;544
Anson County;;2010;Occupied Housing Units Heated by Electricity;4090
Anson County;;2000;Occupied Housing Units Heated by Electricity;3090
Anson County;;1990;Occupied Housing Units without House Heating Fuel;12
Anson County;;1990;Occ Housing Units Heated by Bottled Tank or LP Gas Fuel;1110
Ashe County;;2015;Occupied Housing Units Heated by Fuel Oil;3503
Ashe County;;2010;Occupied Housing Units Heated by Electricity;3469
Avery County;;2000;Occ Housing Units Heated by Gas Piped Underground;16
Beaufort County;;2015;Occupied Housing Units without House Heating Fuel;32
Beaufort County;;2015;Occ Housing Units Heated by Gas Piped Underground;2061
Beaufort County;;1990;Occ Housing Units Heated by Coal, Wood, Solar, or Other;1631
Bertie County;;2015;Occupied Housing Units without House Heating Fuel;12
Bertie County;;2010;Occupied Housing Units Heated by Electricity;4041
Bertie County;;1990;Occupied Housing Units without House Heating Fuel;36
Bladen County;;2015;Occupied Housing Units without House Heating Fuel;49
Bladen County;;2010;Occupied Housing Units Heated by Electricity;7635
Bladen County;;2000;Occ Housing Units Heated by Coal, Wood, Solar, or Other;403
Bladen County;;1990;Occ Housing Units Heated by Gas Piped Underground;271
Brunswick County;;1990;Occ Housing Units Heated by Coal, Wood, Solar, or Other;1559
Buncombe County;;2000;Occ Housing Units Heated by Gas Piped Underground;16638
Buncombe County;;1990;Occupied Housing Units without House Heating Fuel;62
Burke County;;2000;Occ Housing Units Heated by Gas Piped Underground;4075
Burke County;;2000;Occupied Housing Units Heated by Electricity;16555
Burke County;;1990;Occupied Housing Units Heated by Fuel Oil;11013
Cabarrus County;;1990;Occ Housing Units Heated by Bottled Tank or LP Gas Fuel;1208
Caldwell County;;2000;Occupied Housing Units without House Heating Fuel;143
Caldwell County;;1990;Occupied Housing Units Heated by Fuel Oil;9949
Camden County;;2010;Occupied Housing Units without House Heating Fuel;12
Camden County;;2000;Occ Housing Units Heated by Gas Piped Underground;26
Camden County;;2000;Occupied Housing Units Heated by Fuel Oil;533
Camden County;;1990;Occ Housing Units Heated by Bottled Tank or LP Gas Fuel;227
Carteret County;;2015;Occ Housing Units Heated by Coal, Wood, Solar, or Other;341
Caswell County;;2010;Occupied Housing Units Heated by Electricity;4511
Catawba County;;2000;Occ Housing Units Heated by Gas Piped Underground;11835
Catawba County;;1990;Occ Housing Units Heated by Bottled Tank or LP Gas Fuel;1300
Chatham County;;2010;Occupied Housing Units Heated by Fuel Oil;969
Chatham County;;1990;Occ Housing Units Heated by Coal, Wood, Solar, or Other;2306
Cherokee County;;1990;Occ Housing Units Heated by Bottled Tank or LP Gas Fuel;825
Chowan County;;2015;Occ Housing Units Heated by Coal, Wood, Solar, or Other;213
Chowan County;;2015;Occupied Housing Units Heated by Fuel Oil;331
Chowan County;;2010;Occupied Housing Units without House Heating Fuel;10
Chowan County;;2010;Occ Housing Units Heated by Bottled Tank or LP Gas Fuel;2275
Chowan County;;1990;Occ Housing Units Heated by Gas Piped Underground;35
Clay County;;1990;Occupied Housing Units Heated by Electricity;1103
Clay County;;1990;Occ Housing Units Heated by Gas Piped Underground;0
Cleveland County;;2010;Occ Housing Units Heated by Coal, Wood, Solar, or Other;1211
Cleveland County;;2010;Occ Housing Units Heated by Gas Piped Underground;8840
Cleveland County;;2000;Occ Housing Units Heated by Coal, Wood, Solar, or Other;1045
Cleveland County;;2000;Occupied Housing Units Heated by Electricity;18677
Columbus County;;2010;Occ Housing Units Heated by Gas Piped Underground;572
Columbus County;;2000;Occ Housing Units Heated by Gas Piped Underground;385
Columbus County;;1990;Occ Housing Units Heated by Coal, Wood, Solar, or Other;2049
Columbus County;;1990;Occupied Housing Units Heated by Electricity;6266
Craven County;;2010;Occupied Housing Units Heated by Fuel Oil;1038
Craven County;;1990;Occ Housing Units Heated by Gas Piped Underground;1899
Cumberland County;;2015;Occupied Housing Units without House Heating Fuel;555
Cumberland County;;2015;Occ Housing Units Heated by Bottled Tank or LP Gas Fuel;6145
Cumberland County;;2000;Occ Housing Units Heated by Bottled Tank or LP Gas Fuel;11056
Currituck County;;2015;Occ Housing Units Heated by Bottled Tank or LP Gas Fuel;1035
Currituck County;;2015;Occ Housing Units Heated by Gas Piped Underground;263
Currituck County;;2010;Occupied Housing Units without House Heating Fuel;63
Currituck County;;2000;Occupied Housing Units without House Heating Fuel;46
Dare County;;2010;Occupied Housing Units without House Heating Fuel;51
Dare County;;2010;Occ Housing Units Heated by Gas Piped Underground;113
Dare County;;2000;Occ Housing Units Heated by Coal, Wood, Solar, or Other;155
Dare County;;1990;Occupied Housing Units without House Heating Fuel;37
Davidson County;;2010;Occupied Housing Units without House Heating Fuel;351
Davidson County;;2010;Occ Housing Units Heated by Gas Piped Underground;10163
Davie County;;2015;Occ Housing Units Heated by Bottled Tank or LP Gas Fuel;875
Davie County;;1990;Occupied Housing Units Heated by Fuel Oil;3798
Duplin County;;2015;Occupied Housing Units without House Heating Fuel;159
Duplin County;;2010;Occupied Housing Units without House Heating Fuel;27
Duplin County;;2010;Occ Housing Units Heated by Gas Piped Underground;449
Duplin County;;1990;Occ Housing Units Heated by Gas Piped Underground;328
Durham County;;2010;Occupied Housing Units without House Heating Fuel;194
Durham County;;2010;Occ Housing Units Heated by Bottled Tank or LP Gas Fuel;3790
Durham County;;1990;Occ Housing Units Heated by Bottled Tank or LP Gas Fuel;2586
Edgecombe County;;2010;Occupied Housing Units without House Heating Fuel;63
Edgecombe County;;1990;Occ Housing Units Heated by Coal, Wood, Solar, or Other;1510
Forsyth County;;2010;Occupied Housing Units without House Heating Fuel;301
Forsyth County;;2010;Occ Housing Units Heated by Coal, Wood, Solar, or Other;1188
Franklin County;;2010;Occupied Housing Units Heated by Fuel Oil;983
Franklin County;;2010;Occ Housing Units Heated by Gas Piped Underground;931
Franklin County;;2000;Occupied Housing Units without House Heating Fuel;25
Franklin County;;1990;Occupied Housing Units Heated by Electricity;4715
Gaston County;;2015;Occ Housing Units Heated by Coal, Wood, Solar, or Other;1252
Gaston County;;2000;Occupied Housing Units without House Heating Fuel;133
Gaston County;;1990;Occ Housing Units Heated by Gas Piped Underground;27546
Gates County;;2015;Occupied Housing Units Heated by Fuel Oil;287
Gates County;;2010;Occ Housing Units Heated by Bottled Tank or LP Gas Fuel;1509
Gates County;;2000;Occ Housing Units Heated by Gas Piped Underground;57
Gates County;;2000;Occupied Housing Units Heated by Electricity;1588
Gates County;;1990;Occupied Housing Units Heated by Electricity;943
Graham County;;2010;Occupied Housing Units Heated by Electricity;1540
Graham County;;2000;Occupied Housing Units Heated by Fuel Oil;1571
Graham County;;2000;Occupied Housing Units Heated by Electricity;692
Graham County;;1990;Occupied Housing Units Heated by Electricity;533
Granville County;;2000;Occ Housing Units Heated by Gas Piped Underground;2756
Greene County;;2015;Occ Housing Units Heated by Coal, Wood, Solar, or Other;136
Greene County;;2010;Occupied Housing Units without House Heating Fuel;7
Greene County;;2000;Occupied Housing Units without House Heating Fuel;39
Greene County;;2000;Occupied Housing Units Heated by Electricity;3144
Greene County;;1990;Occupied Housing Units without House Heating Fuel;17
Guilford County;;2015;Occupied Housing Units without House Heating Fuel;568
Guilford County;;2015;Occ Housing Units Heated by Coal, Wood, Solar, or Other;1999
Guilford County;;2015;Occupied Housing Units Heated by Fuel Oil;3956
Guilford County;;2015;Occ Housing Units Heated by Bottled Tank or LP Gas Fuel;6445
Guilford County;;1990;Occupied Housing Units Heated by Electricity;57535
Halifax County;;2000;Occupied Housing Units Heated by Electricity;8312
Harnett County;;2015;Occupied Housing Units Heated by Fuel Oil;337
Harnett County;;2000;Occupied Housing Units without House Heating Fuel;137
Harnett County;;1990;Occ Housing Units Heated by Gas Piped Underground;3418
Haywood County;;2015;Occ Housing Units Heated by Coal, Wood, Solar, or Other;2572
Haywood County;;2010;Occupied Housing Units without House Heating Fuel;20
Haywood County;;1990;Occupied Housing Units without House Heating Fuel;10
Henderson County;;2015;Occupied Housing Units Heated by Fuel Oil;2652
Henderson County;;2015;Occupied Housing Units Heated by Electricity;27065
Henderson County;;2010;Occupied Housing Units Heated by Fuel Oil;4217
Henderson County;;2000;Occ Housing Units Heated by Coal, Wood, Solar, or Other;1478
Hertford County;;2015;Occupied Housing Units without House Heating Fuel;48
Hertford County;;2015;Occ Housing Units Heated by Coal, Wood, Solar, or Other;211
Hoke County;;2000;Occupied Housing Units without House Heating Fuel;40
Hoke County;;1990;Occupied Housing Units Heated by Electricity;3089
Hyde County;;2010;Occ Housing Units Heated by Bottled Tank or LP Gas Fuel;1107
Hyde County;;2010;Occ Housing Units Heated by Gas Piped Underground;63
Hyde County;;1990;Occupied Housing Units without House Heating Fuel;9
Hyde County;;1990;Occupied Housing Units Heated by Electricity;509
Iredell County;;2015;Occupied Housing Units Heated by Electricity;37390
Iredell County;;2015;Occ Housing Units Heated by Gas Piped Underground;17126
Iredell County;;2000;Occ Housing Units Heated by Gas Piped Underground;13301
Iredell County;;2000;Occ Housing Units Heated by Bottled Tank or LP Gas Fuel;3317
Jackson County;;2010;Occupied Housing Units without House Heating Fuel;38
Jackson County;;1990;Occ Housing Units Heated by Bottled Tank or LP Gas Fuel;627
Jackson County;;1990;Occ Housing Units Heated by Gas Piped Underground;23
Johnston County;;2010;Occ Housing Units Heated by Bottled Tank or LP Gas Fuel;10903
Jones County;;2015;Occ Housing Units Heated by Gas Piped Underground;117
Jones County;;2000;Occ Housing Units Heated by Bottled Tank or LP Gas Fuel;1338
Lee County;;2015;Occupied Housing Units Heated by Fuel Oil;301
Lee County;;2015;Occupied Housing Units Heated by Electricity;15732
Lee County;;2015;Occ Housing Units Heated by Gas Piped Underground;3009
Lee County;;2010;Occupied Housing Units without House Heating Fuel;58
Lee County;;2000;Occupied Housing Units Heated by Fuel Oil;991
Lee County;;2000;Occ Housing Units Heated by Coal, Wood, Solar, or Other;378
Lenoir County;;2015;Occupied Housing Units Heated by Electricity;14305
Lenoir County;;2010;Occ Housing Units Heated by Bottled Tank or LP Gas Fuel;3847
Lenoir County;;1990;Occ Housing Units Heated by Coal, Wood, Solar, or Other;1147
Lenoir County;;1990;Occupied Housing Units Heated by Fuel Oil;5182
Lincoln County;;2000;Occupied Housing Units without House Heating Fuel;97
Lincoln County;;1990;Occupied Housing Units Heated by Fuel Oil;4692
McDowell County;;2000;Occ Housing Units Heated by Gas Piped Underground;152
McDowell County;;2000;Occupied Housing Units Heated by Fuel Oil;7120
McDowell County;;1990;Occ Housing Units Heated by Coal, Wood, Solar, or Other;2531
Macon County;;2010;Occ Housing Units Heated by Coal, Wood, Solar, or Other;1270
Macon County;;2000;Occ Housing Units Heated by Bottled Tank or LP Gas Fuel;3920
Macon County;;2000;Occupied Housing Units Heated by Fuel Oil;2371
Macon County;;1990;Occupied Housing Units Heated by Electricity;3227
Madison County;;2015;Occ Housing Units Heated by Coal, Wood, Solar, or Other;1731
Madison County;;2010;Occ Housing Units Heated by Bottled Tank or LP Gas Fuel;1228
Martin County;;2015;Occ Housing Units Heated by Gas Piped Underground;416
Martin County;;1990;Occupied Housing Units Heated by Electricity;2782
Martin County;;1990;Occ Housing Units Heated by Bottled Tank or LP Gas Fuel;2011
Mecklenburg County;;2015;Occupied Housing Units Heated by Fuel Oil;2222
Mecklenburg County;;2015;Occ Housing Units Heated by Gas Piped Underground;191560
Mecklenburg County;;2000;Occ Housing Units Heated by Coal, Wood, Solar, or Other;967
Mitchell County;;2015;Occupied Housing Units without House Heating Fuel;41
Mitchell County;;2015;Occupied Housing Units Heated by Electricity;2186
Mitchell County;;2000;Occ Housing Units Heated by Bottled Tank or LP Gas Fuel;585
Montgomery County;;2015;Occupied Housing Units Heated by Fuel Oil;801
Montgomery County;;2000;Occ Housing Units Heated by Bottled Tank or LP Gas Fuel;2469
Moore County;;2015;Occupied Housing Units Heated by Electricity;29642
Moore County;;2000;Occ Housing Units Heated by Coal, Wood, Solar, or Other;805
Moore County;;2000;Occupied Housing Units without House Heating Fuel;85
Moore County;;1990;Occupied Housing Units Heated by Fuel Oil;5404
Nash County;;2015;Occ Housing Units Heated by Coal, Wood, Solar, or Other;609
Nash County;;2015;Occupied Housing Units Heated by Electricity;21737
Nash County;;2010;Occ Housing Units Heated by Coal, Wood, Solar, or Other;436
Nash County;;2000;Occupied Housing Units Heated by Fuel Oil;1650
New Hanover County;;2015;Occupied Housing Units Heated by Electricity;79078
New Hanover County;;2010;Occupied Housing Units without House Heating Fuel;255
New Hanover County;;1990;Occ Housing Units Heated by Bottled Tank or LP Gas Fuel;2463
Northampton County;;2015;Occupied Housing Units Heated by Electricity;5077
Northampton County;;1990;Occ Housing Units Heated by Bottled Tank or LP Gas Fuel;1427
Onslow County;;2015;Occupied Housing Units without House Heating Fuel;453
Onslow County;;2000;Occ Housing Units Heated by Bottled Tank or LP Gas Fuel;4521
Onslow County;;2000;Occupied Housing Units Heated by Fuel Oil;2080
Orange County;;2015;Occupied Housing Units Heated by Fuel Oil;516
Orange County;;2010;Occupied Housing Units Heated by Fuel Oil;1102
Orange County;;2010;Occ Housing Units Heated by Bottled Tank or LP Gas Fuel;4835
Orange County;;2010;Occ Housing Units Heated by Gas Piped Underground;16615
Orange County;;1990;Occupied Housing Units without House Heating Fuel;32
Orange County;;1990;Occ Housing Units Heated by Coal, Wood, Solar, or Other;1869
Orange County;;1990;Occ Housing Units Heated by Bottled Tank or LP Gas Fuel;3310
Pamlico County;;2015;Occ Housing Units Heated by Gas Piped Underground;57
Pamlico County;;2010;Occ Housing Units Heated by Coal, Wood, Solar, or Other;141
Pamlico County;;2010;Occ Housing Units Heated by Bottled Tank or LP Gas Fuel;1497
Pamlico County;;2000;Occ Housing Units Heated by Bottled Tank or LP Gas Fuel;1530
Pamlico County;;1990;Occ Housing Units Heated by Gas Piped Underground;19
Pasquotank County;;1990;Occupied Housing Units without House Heating Fuel;52
Pasquotank County;;1990;Occupied Housing Units Heated by Fuel Oil;4380
Pender County;;2015;Occupied Housing Units without House Heating Fuel;62
Pender County;;2015;Occupied Housing Units Heated by Fuel Oil;268
Pender County;;2010;Occupied Housing Units Heated by Electricity;15547
Pender County;;2000;Occ Housing Units Heated by Gas Piped Underground;123
Pender County;;2000;Occupied Housing Units Heated by Fuel Oil;743
Pender County;;1990;Occupied Housing Units without House Heating Fuel;27
Pender County;;1990;Occupied Housing Units Heated by Electricity;5847
Pender County;;2000;Occupied Housing Units Heated by Electricity;11785
Perquimans County;;2015;Occupied Housing Units without House Heating Fuel;48
Perquimans County;;2000;Occupied Housing Units without House Heating Fuel;27
Person County;;2015;Occ Housing Units Heated by Bottled Tank or LP Gas Fuel;2410
Person County;;2000;Occ Housing Units Heated by Gas Piped Underground;2716
Person County;;1990;Occ Housing Units Heated by Coal, Wood, Solar, or Other;1917
Pitt County;;2015;Occupied Housing Units Heated by Electricity;51484
Pitt County;;2000;Occ Housing Units Heated by Bottled Tank or LP Gas Fuel;7993
Pitt County;;2000;Occupied Housing Units Heated by Fuel Oil;2107
Pitt County;;2000;Occ Housing Units Heated by Coal, Wood, Solar, or Other;480
Pitt County;;1990;Occupied Housing Units Heated by Electricity;20322
Polk County;;2010;Occupied Housing Units Heated by Fuel Oil;897
Polk County;;2010;Occ Housing Units Heated by Gas Piped Underground;677
Randolph County;;2015;Occ Housing Units Heated by Gas Piped Underground;8632
Randolph County;;2000;Occupied Housing Units Heated by Fuel Oil;7304
Randolph County;;1990;Occupied Housing Units Heated by Fuel Oil;11886
Richmond County;;2010;Occ Housing Units Heated by Bottled Tank or LP Gas Fuel;2859
Robeson County;;2015;Occupied Housing Units without House Heating Fuel;221
Robeson County;;2015;Occupied Housing Units Heated by Electricity;32855
Robeson County;;2000;Occupied Housing Units without House Heating Fuel;118
Robeson County;;1990;Occ Housing Units Heated by Gas Piped Underground;5083
Robeson County;;2000;Occupied Housing Units Heated by Electricity;22052
Rockingham County;;2015;Occ Housing Units Heated by Bottled Tank or LP Gas Fuel;2364
Rowan County;;2015;Occupied Housing Units Heated by Fuel Oil;1968
Rowan County;;2015;Occ Housing Units Heated by Gas Piped Underground;14190
Rowan County;;1990;Occ Housing Units Heated by Coal, Wood, Solar, or Other;2971
Rowan County;;1990;Occupied Housing Units Heated by Fuel Oil;12208
Rutherford County;;2010;Occupied Housing Units Heated by Electricity;16602
Rutherford County;;2000;Occupied Housing Units Heated by Fuel Oil;5626
Rutherford County;;2000;Occupied Housing Units without House Heating Fuel;101
Rutherford County;;1990;Occupied Housing Units without House Heating Fuel;75
Rutherford County;;2000;Occupied Housing Units Heated by Electricity;12167
Sampson County;;2010;Occupied Housing Units Heated by Electricity;14383
Sampson County;;2000;Occupied Housing Units Heated by Fuel Oil;2020
Sampson County;;2000;Occupied Housing Units without House Heating Fuel;58
Scotland County;;2010;Occupied Housing Units without House Heating Fuel;50
Scotland County;;2000;Occ Housing Units Heated by Coal, Wood, Solar, or Other;219
Scotland County;;1990;Occ Housing Units Heated by Bottled Tank or LP Gas Fuel;1788
Stanly County;;2015;Occ Housing Units Heated by Gas Piped Underground;2059
Stanly County;;2000;Occ Housing Units Heated by Gas Piped Underground;2411
Stanly County;;2000;Occ Housing Units Heated by Coal, Wood, Solar, or Other;610
Stokes County;;2015;Occ Housing Units Heated by Bottled Tank or LP Gas Fuel;1650
Stokes County;;2010;Occupied Housing Units Heated by Fuel Oil;2904
Stokes County;;1990;Occ Housing Units Heated by Coal, Wood, Solar, or Other;2527
Surry County;;2015;Occ Housing Units Heated by Coal, Wood, Solar, or Other;1452
Surry County;;2010;Occupied Housing Units Heated by Electricity;17331
Surry County;;1990;Occ Housing Units Heated by Gas Piped Underground;21
Swain County;;2010;Occ Housing Units Heated by Bottled Tank or LP Gas Fuel;1376
Swain County;;2000;Occupied Housing Units Heated by Fuel Oil;1421
Swain County;;1990;Occ Housing Units Heated by Gas Piped Underground;23
Transylvania County;;2010;Occupied Housing Units without House Heating Fuel;29
Transylvania County;;2000;Occ Housing Units Heated by Gas Piped Underground;2209
Transylvania County;;2000;Occupied Housing Units without House Heating Fuel;19
Transylvania County;;1990;Occ Housing Units Heated by Bottled Tank or LP Gas Fuel;605
Tyrrell County;;2015;Occupied Housing Units Heated by Fuel Oil;35
Tyrrell County;;2015;Occ Housing Units Heated by Gas Piped Underground;30
Tyrrell County;;2010;Occupied Housing Units without House Heating Fuel;0
Tyrrell County;;2010;Occupied Housing Units Heated by Fuel Oil;101
Tyrrell County;;1990;Occ Housing Units Heated by Gas Piped Underground;6
Union County;;2010;Occupied Housing Units Heated by Fuel Oil;1412
Union County;;2000;Occupied Housing Units Heated by Fuel Oil;3002
Vance County;;2010;Occ Housing Units Heated by Coal, Wood, Solar, or Other;695
Vance County;;2010;Occupied Housing Units Heated by Electricity;9439
Vance County;;1990;Occ Housing Units Heated by Coal, Wood, Solar, or Other;1573
Wake County;;2015;Occupied Housing Units Heated by Electricity;191726
Wake County;;2010;Occ Housing Units Heated by Gas Piped Underground;140340
Wake County;;1990;Occupied Housing Units Heated by Fuel Oil;12070
Warren County;;2000;Occupied Housing Units without House Heating Fuel;11
Warren County;;1990;Occupied Housing Units without House Heating Fuel;26
Warren County;;1990;Occ Housing Units Heated by Bottled Tank or LP Gas Fuel;1119
Washington County;;2015;Occupied Housing Units Heated by Electricity;2827
Washington County;;2010;Occ Housing Units Heated by Gas Piped Underground;289
Washington County;;2000;Occ Housing Units Heated by Bottled Tank or LP Gas Fuel;2246
Washington County;;2000;Occupied Housing Units Heated by Fuel Oil;773
Washington County;;2000;Occ Housing Units Heated by Coal, Wood, Solar, or Other;210
Washington County;;1990;Occ Housing Units Heated by Gas Piped Underground;58
Wayne County;;2000;Occ Housing Units Heated by Gas Piped Underground;5114
Wilkes County;;2010;Occupied Housing Units Heated by Electricity;15623
Wilkes County;;1990;Occ Housing Units Heated by Bottled Tank or LP Gas Fuel;1521
Wilson County;;1990;Occupied Housing Units Heated by Electricity;8376
Yadkin County;;2010;Occupied Housing Units Heated by Fuel Oil;3105
Yadkin County;;2010;Occ Housing Units Heated by Gas Piped Underground;205
Alamance County;;2015;Occupied Housing Units Heated by Fuel Oil;1578
Alamance County;;2010;Occupied Housing Units without House Heating Fuel;55
Alamance County;;2010;Occupied Housing Units Heated by Electricity;23032
Alamance County;;2000;Occupied Housing Units Heated by Electricity;16783
Alamance County;;1990;Occupied Housing Units without House Heating Fuel;64
Alamance County;;1990;Occupied Housing Units Heated by Electricity;12543
Alamance County;;1990;Occ Housing Units Heated by Gas Piped Underground;15946
Alexander County;;2015;Occupied Housing Units without House Heating Fuel;82
Alexander County;;2015;Occ Housing Units Heated by Gas Piped Underground;340
Alexander County;;2010;Occupied Housing Units Heated by Electricity;9015
Alexander County;;2010;Occ Housing Units Heated by Bottled Tank or LP Gas Fuel;1093
Alexander County;;2000;Occupied Housing Units Heated by Fuel Oil;3130
Alexander County;;1990;Occ Housing Units Heated by Gas Piped Underground;20
Alleghany County;;2000;Occupied Housing Units Heated by Fuel Oil;2383
Alleghany County;;1990;Occ Housing Units Heated by Gas Piped Underground;4
Anson County;;2015;Occ Housing Units Heated by Bottled Tank or LP Gas Fuel;2382
Anson County;;2010;Occ Housing Units Heated by Gas Piped Underground;921
Ashe County;;2000;Occupied Housing Units Heated by Electricity;1999
Ashe County;;1990;Occ Housing Units Heated by Coal, Wood, Solar, or Other;2922
Ashe County;;1990;Occupied Housing Units Heated by Fuel Oil;4437
Ashe County;;1990;Occ Housing Units Heated by Gas Piped Underground;4
Avery County;;2015;Occ Housing Units Heated by Gas Piped Underground;225
Avery County;;2010;Occ Housing Units Heated by Coal, Wood, Solar, or Other;907
Avery County;;2010;Occ Housing Units Heated by Gas Piped Underground;314
Avery County;;2000;Occ Housing Units Heated by Bottled Tank or LP Gas Fuel;964
Beaufort County;;2010;Occupied Housing Units without House Heating Fuel;31
Bertie County;;2015;Occupied Housing Units Heated by Fuel Oil;601
Bertie County;;2015;Occ Housing Units Heated by Gas Piped Underground;144
Bertie County;;2010;Occ Housing Units Heated by Bottled Tank or LP Gas Fuel;2838
Bladen County;;2010;Occ Housing Units Heated by Bottled Tank or LP Gas Fuel;4444
Bladen County;;2010;Occ Housing Units Heated by Gas Piped Underground;542
Brunswick County;;2015;Occ Housing Units Heated by Coal, Wood, Solar, or Other;616
Brunswick County;;2015;Occ Housing Units Heated by Bottled Tank or LP Gas Fuel;5361
Brunswick County;;2010;Occ Housing Units Heated by Coal, Wood, Solar, or Other;590
Brunswick County;;2000;Occupied Housing Units Heated by Fuel Oil;1910
Brunswick County;;2000;Occupied Housing Units without House Heating Fuel;116
Buncombe County;;2015;Occupied Housing Units without House Heating Fuel;263
Buncombe County;;2015;Occupied Housing Units Heated by Electricity;59029
Buncombe County;;2015;Occ Housing Units Heated by Gas Piped Underground;19640
Buncombe County;;2000;Occ Housing Units Heated by Coal, Wood, Solar, or Other;3275
Burke County;;2015;Occupied Housing Units Heated by Fuel Oil;4129
Burke County;;2010;Occ Housing Units Heated by Gas Piped Underground;4262
Burke County;;2000;Occ Housing Units Heated by Coal, Wood, Solar, or Other;1410
Cabarrus County;;1990;Occ Housing Units Heated by Gas Piped Underground;10977
Caldwell County;;2010;Occupied Housing Units Heated by Electricity;19056
Caldwell County;;2000;Occ Housing Units Heated by Bottled Tank or LP Gas Fuel;2629
Camden County;;2015;Occupied Housing Units Heated by Electricity;2798
Camden County;;2000;Occ Housing Units Heated by Bottled Tank or LP Gas Fuel;685
Carteret County;;2010;Occupied Housing Units Heated by Fuel Oil;679
Carteret County;;2010;Occ Housing Units Heated by Bottled Tank or LP Gas Fuel;3578
Carteret County;;2010;Occ Housing Units Heated by Gas Piped Underground;400
Carteret County;;1990;Occ Housing Units Heated by Coal, Wood, Solar, or Other;799
Caswell County;;2010;Occupied Housing Units without House Heating Fuel;37
Caswell County;;2000;Occupied Housing Units Heated by Fuel Oil;1433
Caswell County;;2000;Occupied Housing Units Heated by Electricity;3680
Caswell County;;1990;Occupied Housing Units without House Heating Fuel;12
Caswell County;;1990;Occupied Housing Units Heated by Electricity;2237
Catawba County;;2015;Occupied Housing Units Heated by Electricity;41343
Catawba County;;2015;Occ Housing Units Heated by Gas Piped Underground;11091
Catawba County;;2010;Occupied Housing Units Heated by Fuel Oil;4731
Catawba County;;1990;Occupied Housing Units Heated by Fuel Oil;12115
Chatham County;;2000;Occ Housing Units Heated by Coal, Wood, Solar, or Other;1016
Chatham County;;1990;Occ Housing Units Heated by Bottled Tank or LP Gas Fuel;2914
Chowan County;;2015;Occupied Housing Units without House Heating Fuel;24
Chowan County;;1990;Occupied Housing Units Heated by Electricity;1751
Chowan County;;1990;Occ Housing Units Heated by Bottled Tank or LP Gas Fuel;1182
Clay County;;2015;Occupied Housing Units Heated by Electricity;2549
Clay County;;2010;Occ Housing Units Heated by Coal, Wood, Solar, or Other;515
Clay County;;2010;Occ Housing Units Heated by Bottled Tank or LP Gas Fuel;1683
Clay County;;2000;Occupied Housing Units Heated by Fuel Oil;633
Clay County;;1990;Occupied Housing Units Heated by Fuel Oil;560
Cleveland County;;2000;Occupied Housing Units Heated by Fuel Oil;5554
Cleveland County;;1990;Occupied Housing Units Heated by Electricity;13466
Columbus County;;2010;Occupied Housing Units Heated by Fuel Oil;1080
Columbus County;;2000;Occ Housing Units Heated by Bottled Tank or LP Gas Fuel;8231
Columbus County;;1990;Occupied Housing Units without House Heating Fuel;25
Craven County;;2015;Occupied Housing Units Heated by Electricity;30846
Craven County;;2010;Occ Housing Units Heated by Gas Piped Underground;3113
Craven County;;2000;Occ Housing Units Heated by Bottled Tank or LP Gas Fuel;6510
Craven County;;2000;Occupied Housing Units Heated by Electricity;22388
Cumberland County;;2010;Occupied Housing Units Heated by Fuel Oil;3172
Currituck County;;2015;Occupied Housing Units Heated by Fuel Oil;364
Currituck County;;2000;Occ Housing Units Heated by Gas Piped Underground;31
Currituck County;;1990;Occupied Housing Units Heated by Fuel Oil;1394
Currituck County;;1990;Occupied Housing Units Heated by Electricity;2258
Dare County;;2015;Occupied Housing Units without House Heating Fuel;39
Dare County;;2010;Occupied Housing Units Heated by Fuel Oil;103
Dare County;;1990;Occ Housing Units Heated by Gas Piped Underground;36
Davidson County;;2015;Occupied Housing Units without House Heating Fuel;355
Davidson County;;2015;Occupied Housing Units Heated by Electricity;44336
Davidson County;;2010;Occupied Housing Units Heated by Fuel Oil;7643
Davie County;;2015;Occupied Housing Units Heated by Fuel Oil;1312
Davie County;;2010;Occupied Housing Units Heated by Electricity;10283
Davie County;;1990;Occ Housing Units Heated by Bottled Tank or LP Gas Fuel;328
Duplin County;;2015;Occupied Housing Units Heated by Fuel Oil;402
Duplin County;;2010;Occupied Housing Units Heated by Fuel Oil;692
Duplin County;;2010;Occupied Housing Units Heated by Electricity;12586
Duplin County;;2000;Occ Housing Units Heated by Gas Piped Underground;335
Duplin County;;2000;Occupied Housing Units without House Heating Fuel;105
Duplin County;;1990;Occ Housing Units Heated by Coal, Wood, Solar, or Other;1634
Durham County;;2015;Occupied Housing Units Heated by Fuel Oil;1046
Durham County;;2010;Occ Housing Units Heated by Coal, Wood, Solar, or Other;578
Durham County;;2010;Occ Housing Units Heated by Gas Piped Underground;43428
Durham County;;2000;Occupied Housing Units Heated by Fuel Oil;4231
Durham County;;2000;Occupied Housing Units without House Heating Fuel;152
Edgecombe County;;2015;Occ Housing Units Heated by Coal, Wood, Solar, or Other;304
Edgecombe County;;2015;Occ Housing Units Heated by Gas Piped Underground;5551
Edgecombe County;;2000;Occupied Housing Units without House Heating Fuel;30
Edgecombe County;;1990;Occupied Housing Units without House Heating Fuel;24
Forsyth County;;2015;Occupied Housing Units Heated by Fuel Oil;10250
Forsyth County;;2010;Occupied Housing Units Heated by Fuel Oil;15203
Forsyth County;;2000;Occ Housing Units Heated by Bottled Tank or LP Gas Fuel;3763
Gaston County;;2015;Occ Housing Units Heated by Gas Piped Underground;33793
Gaston County;;2000;Occ Housing Units Heated by Gas Piped Underground;35677
Gaston County;;1990;Occ Housing Units Heated by Bottled Tank or LP Gas Fuel;2037
Gates County;;2000;Occupied Housing Units Heated by Fuel Oil;728
Gates County;;1990;Occupied Housing Units without House Heating Fuel;9
Graham County;;2015;Occupied Housing Units without House Heating Fuel;0
Graham County;;2015;Occupied Housing Units Heated by Electricity;1697
Graham County;;2000;Occ Housing Units Heated by Bottled Tank or LP Gas Fuel;800
Graham County;;1990;Occupied Housing Units without House Heating Fuel;2
Graham County;;1990;Occ Housing Units Heated by Bottled Tank or LP Gas Fuel;90
Graham County;;1990;Occ Housing Units Heated by Gas Piped Underground;6
Granville County;;2015;Occupied Housing Units Heated by Electricity;12670
Granville County;;2010;Occupied Housing Units Heated by Fuel Oil;903
Granville County;;1990;Occupied Housing Units without House Heating Fuel;14
Granville County;;1990;Occupied Housing Units Heated by Fuel Oil;2381
Greene County;;1990;Occupied Housing Units Heated by Electricity;1918
Guilford County;;2000;Occ Housing Units Heated by Gas Piped Underground;76608
Guilford County;;2000;Occupied Housing Units Heated by Fuel Oil;10715
Halifax County;;2015;Occupied Housing Units without House Heating Fuel;10
Halifax County;;2015;Occupied Housing Units Heated by Electricity;11174
Halifax County;;2010;Occ Housing Units Heated by Bottled Tank or LP Gas Fuel;4843
Halifax County;;1990;Occupied Housing Units Heated by Fuel Oil;6314
Halifax County;;1990;Occ Housing Units Heated by Bottled Tank or LP Gas Fuel;2658
Harnett County;;2015;Occupied Housing Units Heated by Electricity;33072
Haywood County;;2015;Occ Housing Units Heated by Gas Piped Underground;634
Haywood County;;2010;Occupied Housing Units Heated by Electricity;10383
Haywood County;;2010;Occ Housing Units Heated by Bottled Tank or LP Gas Fuel;4147
Haywood County;;2000;Occupied Housing Units Heated by Electricity;6912
Henderson County;;2000;Occupied Housing Units without House Heating Fuel;95
Henderson County;;2000;Occupied Housing Units Heated by Electricity;16461
Henderson County;;1990;Occupied Housing Units Heated by Fuel Oil;8102
Hertford County;;1990;Occupied Housing Units Heated by Fuel Oil;2985
Hoke County;;2015;Occ Housing Units Heated by Bottled Tank or LP Gas Fuel;1782
Hoke County;;2010;Occ Housing Units Heated by Bottled Tank or LP Gas Fuel;2089
Hoke County;;2010;Occ Housing Units Heated by Gas Piped Underground;682
Hoke County;;2000;Occupied Housing Units Heated by Fuel Oil;726
Hoke County;;2000;Occ Housing Units Heated by Coal, Wood, Solar, or Other;221
Hyde County;;2015;Occupied Housing Units without House Heating Fuel;0
Hyde County;;2015;Occ Housing Units Heated by Gas Piped Underground;93
Hyde County;;2000;Occ Housing Units Heated by Bottled Tank or LP Gas Fuel;1203
Hyde County;;2000;Occupied Housing Units Heated by Fuel Oil;172
Iredell County;;2010;Occ Housing Units Heated by Coal, Wood, Solar, or Other;1465
Iredell County;;1990;Occupied Housing Units without House Heating Fuel;67
Iredell County;;1990;Occupied Housing Units Heated by Fuel Oil;8987
Iredell County;;1990;Occ Housing Units Heated by Gas Piped Underground;8333
Jackson County;;2015;Occ Housing Units Heated by Bottled Tank or LP Gas Fuel;2893
Jackson County;;2000;Occupied Housing Units Heated by Fuel Oil;2882
Jackson County;;1990;Occupied Housing Units without House Heating Fuel;4
Johnston County;;2015;Occ Housing Units Heated by Coal, Wood, Solar, or Other;900
Johnston County;;2015;Occupied Housing Units Heated by Electricity;46263
Johnston County;;2015;Occ Housing Units Heated by Bottled Tank or LP Gas Fuel;8207
Johnston County;;1990;Occ Housing Units Heated by Coal, Wood, Solar, or Other;2269
Jones County;;2000;Occupied Housing Units Heated by Fuel Oil;482
Jones County;;2000;Occupied Housing Units without House Heating Fuel;8
Jones County;;1990;Occupied Housing Units without House Heating Fuel;9
Jones County;;1990;Occ Housing Units Heated by Bottled Tank or LP Gas Fuel;814
Lee County;;2015;Occupied Housing Units without House Heating Fuel;89
Lee County;;2015;Occ Housing Units Heated by Bottled Tank or LP Gas Fuel;1736
Lee County;;2000;Occupied Housing Units Heated by Electricity;10502
Lee County;;1990;Occupied Housing Units Heated by Fuel Oil;2220
Lee County;;1990;Occ Housing Units Heated by Bottled Tank or LP Gas Fuel;2285
Lenoir County;;2015;Occupied Housing Units Heated by Fuel Oil;667
Lenoir County;;2015;Occ Housing Units Heated by Bottled Tank or LP Gas Fuel;3818
Lenoir County;;2010;Occupied Housing Units Heated by Electricity;14699
Lenoir County;;2010;Occ Housing Units Heated by Gas Piped Underground;4453
Lenoir County;;2000;Occupied Housing Units without House Heating Fuel;55
Lenoir County;;2000;Occupied Housing Units Heated by Electricity;11673
Lincoln County;;2015;Occupied Housing Units Heated by Electricity;22144
Lincoln County;;2010;Occ Housing Units Heated by Gas Piped Underground;4681
Lincoln County;;1990;Occupied Housing Units without House Heating Fuel;43
Lincoln County;;1990;Occ Housing Units Heated by Gas Piped Underground;1904
McDowell County;;2015;Occupied Housing Units Heated by Fuel Oil;2949
McDowell County;;2010;Occ Housing Units Heated by Coal, Wood, Solar, or Other;1297
McDowell County;;2000;Occupied Housing Units without House Heating Fuel;114
McDowell County;;2000;Occupied Housing Units Heated by Electricity;6613
Madison County;;2010;Occ Housing Units Heated by Coal, Wood, Solar, or Other;1261
Madison County;;1990;Occupied Housing Units without House Heating Fuel;2
Madison County;;1990;Occupied Housing Units Heated by Fuel Oil;3500
Martin County;;2015;Occ Housing Units Heated by Coal, Wood, Solar, or Other;308
Martin County;;2015;Occ Housing Units Heated by Bottled Tank or LP Gas Fuel;2888
Martin County;;2010;Occ Housing Units Heated by Coal, Wood, Solar, or Other;257
Martin County;;2010;Occ Housing Units Heated by Bottled Tank or LP Gas Fuel;4083
Martin County;;1990;Occ Housing Units Heated by Coal, Wood, Solar, or Other;1426
Mecklenburg County;;2015;Occupied Housing Units Heated by Electricity;179130
Mecklenburg County;;2010;Occupied Housing Units without House Heating Fuel;654
Mecklenburg County;;2000;Occ Housing Units Heated by Bottled Tank or LP Gas Fuel;4009
Mecklenburg County;;2000;Occupied Housing Units without House Heating Fuel;407
Mecklenburg County;;1990;Occupied Housing Units without House Heating Fuel;306
Mitchell County;;2015;Occupied Housing Units Heated by Fuel Oil;2108
Mitchell County;;2015;Occ Housing Units Heated by Gas Piped Underground;231
Mitchell County;;2000;Occ Housing Units Heated by Gas Piped Underground;30
Mitchell County;;1990;Occ Housing Units Heated by Gas Piped Underground;7
Montgomery County;;2010;Occupied Housing Units without House Heating Fuel;23
Montgomery County;;2010;Occ Housing Units Heated by Bottled Tank or LP Gas Fuel;1831
Montgomery County;;1990;Occupied Housing Units Heated by Electricity;2253
Moore County;;2015;Occ Housing Units Heated by Coal, Wood, Solar, or Other;855
Moore County;;2010;Occ Housing Units Heated by Bottled Tank or LP Gas Fuel;3553
Moore County;;2000;Occ Housing Units Heated by Gas Piped Underground;2028
Moore County;;2000;Occupied Housing Units Heated by Electricity;19937
Nash County;;2015;Occupied Housing Units Heated by Fuel Oil;581
Nash County;;2015;Occ Housing Units Heated by Bottled Tank or LP Gas Fuel;6060
Nash County;;2000;Occ Housing Units Heated by Coal, Wood, Solar, or Other;886
New Hanover County;;2010;Occupied Housing Units Heated by Fuel Oil;1390
New Hanover County;;2000;Occ Housing Units Heated by Coal, Wood, Solar, or Other;368
Northampton County;;2015;Occ Housing Units Heated by Coal, Wood, Solar, or Other;324
Northampton County;;2000;Occ Housing Units Heated by Bottled Tank or LP Gas Fuel;2737
Northampton County;;1990;Occ Housing Units Heated by Coal, Wood, Solar, or Other;1380
Northampton County;;1990;Occupied Housing Units Heated by Fuel Oil;2703
Northampton County;;1990;Occ Housing Units Heated by Gas Piped Underground;164
Onslow County;;2015;Occ Housing Units Heated by Coal, Wood, Solar, or Other;534
Onslow County;;2015;Occupied Housing Units Heated by Fuel Oil;594
Onslow County;;2000;Occ Housing Units Heated by Coal, Wood, Solar, or Other;531
Onslow County;;1990;Occupied Housing Units without House Heating Fuel;184
Onslow County;;1990;Occupied Housing Units Heated by Electricity;28738
Onslow County;;1990;Occ Housing Units Heated by Gas Piped Underground;262
Orange County;;2000;Occupied Housing Units Heated by Fuel Oil;1521
Pamlico County;;2010;Occupied Housing Units Heated by Fuel Oil;137
Pasquotank County;;2015;Occupied Housing Units without House Heating Fuel;89
Pasquotank County;;2010;Occupied Housing Units without House Heating Fuel;27
Pender County;;2015;Occ Housing Units Heated by Bottled Tank or LP Gas Fuel;2285
Pender County;;2000;Occ Housing Units Heated by Coal, Wood, Solar, or Other;346
Perquimans County;;2015;Occupied Housing Units Heated by Electricity;3948
Perquimans County;;2015;Occ Housing Units Heated by Gas Piped Underground;188
Perquimans County;;1990;Occupied Housing Units Heated by Fuel Oil;1382
Person County;;2015;Occupied Housing Units Heated by Fuel Oil;657
Person County;;2015;Occ Housing Units Heated by Gas Piped Underground;2350
Person County;;2010;Occ Housing Units Heated by Coal, Wood, Solar, or Other;738
Person County;;2010;Occupied Housing Units Heated by Electricity;7549
Person County;;1990;Occupied Housing Units Heated by Fuel Oil;2753
Person County;;1990;Occupied Housing Units Heated by Electricity;2802
Pitt County;;2015;Occupied Housing Units Heated by Fuel Oil;542
Pitt County;;2015;Occ Housing Units Heated by Gas Piped Underground;10117
Pitt County;;1990;Occ Housing Units Heated by Bottled Tank or LP Gas Fuel;5212
Polk County;;2015;Occ Housing Units Heated by Coal, Wood, Solar, or Other;660
Polk County;;2015;Occupied Housing Units Heated by Electricity;5433
Polk County;;2000;Occupied Housing Units Heated by Fuel Oil;1641
Polk County;;1990;Occ Housing Units Heated by Bottled Tank or LP Gas Fuel;547
Polk County;;2000;Occupied Housing Units Heated by Electricity;3764
Randolph County;;2010;Occ Housing Units Heated by Gas Piped Underground;9010
Randolph County;;2000;Occ Housing Units Heated by Bottled Tank or LP Gas Fuel;8109
Randolph County;;1990;Occupied Housing Units without House Heating Fuel;66
Randolph County;;1990;Occ Housing Units Heated by Gas Piped Underground;4427
Richmond County;;2015;Occupied Housing Units Heated by Electricity;11167
Richmond County;;2010;Occupied Housing Units Heated by Fuel Oil;998
Richmond County;;2000;Occ Housing Units Heated by Gas Piped Underground;3688
Richmond County;;2000;Occupied Housing Units Heated by Fuel Oil;1978
Richmond County;;1990;Occupied Housing Units Heated by Fuel Oil;4467
Robeson County;;1990;Occ Housing Units Heated by Bottled Tank or LP Gas Fuel;7830
Rockingham County;;2010;Occupied Housing Units Heated by Fuel Oil;3287
Rockingham County;;2010;Occ Housing Units Heated by Gas Piped Underground;9902
Rockingham County;;1990;Occupied Housing Units Heated by Electricity;11554
Rowan County;;2015;Occ Housing Units Heated by Bottled Tank or LP Gas Fuel;1883
Rowan County;;2010;Occ Housing Units Heated by Bottled Tank or LP Gas Fuel;2272
Rowan County;;2000;Occ Housing Units Heated by Bottled Tank or LP Gas Fuel;2633
Rowan County;;2000;Occupied Housing Units without House Heating Fuel;163
Rutherford County;;2015;Occupied Housing Units without House Heating Fuel;188
Rutherford County;;1990;Occupied Housing Units Heated by Fuel Oil;7631
Sampson County;;2015;Occ Housing Units Heated by Bottled Tank or LP Gas Fuel;4829
Sampson County;;1990;Occ Housing Units Heated by Gas Piped Underground;1215
Scotland County;;1990;Occ Housing Units Heated by Gas Piped Underground;2063
Stanly County;;2010;Occupied Housing Units Heated by Electricity;12144
Stanly County;;1990;Occ Housing Units Heated by Coal, Wood, Solar, or Other;2056
Surry County;;2015;Occ Housing Units Heated by Bottled Tank or LP Gas Fuel;2757
Surry County;;2010;Occ Housing Units Heated by Gas Piped Underground;920
Surry County;;1990;Occupied Housing Units without House Heating Fuel;35
Surry County;;1990;Occupied Housing Units Heated by Electricity;8774
Surry County;;2000;Occupied Housing Units Heated by Electricity;13160
Swain County;;2000;Occ Housing Units Heated by Gas Piped Underground;59
Swain County;;1990;Occupied Housing Units without House Heating Fuel;2
Swain County;;2000;Occupied Housing Units Heated by Electricity;1754
Transylvania County;;2015;Occupied Housing Units Heated by Electricity;7946
Transylvania County;;2010;Occ Housing Units Heated by Gas Piped Underground;2496
Transylvania County;;1990;Occ Housing Units Heated by Gas Piped Underground;1376
Tyrrell County;;2000;Occ Housing Units Heated by Gas Piped Underground;25
Union County;;2015;Occ Housing Units Heated by Bottled Tank or LP Gas Fuel;5739
Union County;;2010;Occupied Housing Units Heated by Electricity;28136
Union County;;1990;Occupied Housing Units Heated by Electricity;14281
Union County;;2000;Occupied Housing Units Heated by Electricity;19679
Vance County;;2015;Occ Housing Units Heated by Coal, Wood, Solar, or Other;384
Vance County;;2010;Occ Housing Units Heated by Bottled Tank or LP Gas Fuel;2050
Wake County;;2010;Occupied Housing Units Heated by Electricity;164052
Wake County;;2000;Occupied Housing Units without House Heating Fuel;478
Wake County;;1990;Occupied Housing Units Heated by Electricity;81529
Warren County;;2015;Occ Housing Units Heated by Gas Piped Underground;552
Warren County;;2010;Occ Housing Units Heated by Coal, Wood, Solar, or Other;624
Warren County;;2010;Occ Housing Units Heated by Gas Piped Underground;315
Warren County;;1990;Occupied Housing Units Heated by Fuel Oil;2066
Warren County;;2000;Occupied Housing Units Heated by Electricity;3404
Washington County;;2015;Occ Housing Units Heated by Bottled Tank or LP Gas Fuel;1616
Washington County;;2015;Occ Housing Units Heated by Gas Piped Underground;139
Washington County;;2000;Occupied Housing Units without House Heating Fuel;37
Watauga County;;2010;Occupied Housing Units Heated by Fuel Oil;5612
Watauga County;;2000;Occ Housing Units Heated by Gas Piped Underground;176
Watauga County;;2000;Occupied Housing Units Heated by Fuel Oil;6990
Watauga County;;1990;Occ Housing Units Heated by Bottled Tank or LP Gas Fuel;658
Watauga County;;2000;Occupied Housing Units Heated by Electricity;5784
Wayne County;;2015;Occupied Housing Units Heated by Electricity;35501
Wayne County;;2010;Occupied Housing Units without House Heating Fuel;191
Wayne County;;2010;Occ Housing Units Heated by Bottled Tank or LP Gas Fuel;8222
Wayne County;;2010;Occ Housing Units Heated by Gas Piped Underground;4647
Wayne County;;2000;Occ Housing Units Heated by Coal, Wood, Solar, or Other;312
Wayne County;;1990;Occupied Housing Units Heated by Electricity;17144
Wayne County;;1990;Occ Housing Units Heated by Bottled Tank or LP Gas Fuel;6983
Wilkes County;;2015;Occupied Housing Units Heated by Electricity;18119
Wilkes County;;2000;Occ Housing Units Heated by Gas Piped Underground;159
Wilkes County;;1990;Occ Housing Units Heated by Coal, Wood, Solar, or Other;4161
Wilson County;;2000;Occ Housing Units Heated by Coal, Wood, Solar, or Other;382
Wilson County;;2000;Occupied Housing Units without House Heating Fuel;74
Wilson County;;1990;Occ Housing Units Heated by Coal, Wood, Solar, or Other;1730
Wilson County;;1990;Occupied Housing Units Heated by Fuel Oil;4189
Yadkin County;;2015;Occupied Housing Units Heated by Fuel Oil;1965
Yadkin County;;2015;Occ Housing Units Heated by Gas Piped Underground;324
Yadkin County;;2010;Occ Housing Units Heated by Bottled Tank or LP Gas Fuel;1203
Yadkin County;;2000;Occ Housing Units Heated by Bottled Tank or LP Gas Fuel;1658
Yadkin County;;1990;Occ Housing Units Heated by Coal, Wood, Solar, or Other;1722
Yancey County;;2015;Occ Housing Units Heated by Coal, Wood, Solar, or Other;1537
Yancey County;;2000;Occupied Housing Units Heated by Fuel Oil;5441
Yancey County;;1990;Occupied Housing Units Heated by Fuel Oil;3819
Yancey County;;2000;Occupied Housing Units Heated by Electricity;643
Alleghany County;;2020;Occ Housing Units Heated by Gas Piped Underground;210
Burke County;;2020;Occ Housing Units Heated by Gas Piped Underground;3187
Caldwell County;;2020;Occ Housing Units Heated by Gas Piped Underground;3938
Chowan County;;2020;Occ Housing Units Heated by Gas Piped Underground;489
Davidson County;;2020;Occ Housing Units Heated by Gas Piped Underground;10536
Gaston County;;2020;Occ Housing Units Heated by Gas Piped Underground;34423
Graham County;;2020;Occ Housing Units Heated by Gas Piped Underground;20
Greene County;;2020;Occ Housing Units Heated by Gas Piped Underground;299
Moore County;;2020;Occ Housing Units Heated by Gas Piped Underground;2473
Polk County;;2020;Occ Housing Units Heated by Gas Piped Underground;680
Wilson County;;2020;Occ Housing Units Heated by Gas Piped Underground;10259
Anson County;;2020;Occ Housing Units Heated by Bottled Tank or LP Gas Fuel;2877
Buncombe County;;2020;Occ Housing Units Heated by Bottled Tank or LP Gas Fuel;4971
Caldwell County;;2020;Occ Housing Units Heated by Bottled Tank or LP Gas Fuel;2242
Caswell County;;2020;Occ Housing Units Heated by Bottled Tank or LP Gas Fuel;1810
Catawba County;;2020;Occ Housing Units Heated by Bottled Tank or LP Gas Fuel;2087
Clay County;;2020;Occ Housing Units Heated by Bottled Tank or LP Gas Fuel;1280
Mitchell County;;2020;Occ Housing Units Heated by Bottled Tank or LP Gas Fuel;841
Rutherford County;;2020;Occ Housing Units Heated by Bottled Tank or LP Gas Fuel;2744
Transylvania County;;2020;Occ Housing Units Heated by Bottled Tank or LP Gas Fuel;1612
Wilkes County;;2020;Occ Housing Units Heated by Bottled Tank or LP Gas Fuel;3306
Alamance County;;2020;Occupied Housing Units Heated by Electricity;32290
Camden County;;2020;Occupied Housing Units Heated by Electricity;3036
Chowan County;;2020;Occupied Housing Units Heated by Electricity;3926
Davidson County;;2020;Occupied Housing Units Heated by Electricity;47948
Duplin County;;2020;Occupied Housing Units Heated by Electricity;15839
Graham County;;2020;Occupied Housing Units Heated by Electricity;2068
Montgomery County;;2020;Occupied Housing Units Heated by Electricity;7546
Onslow County;;2020;Occupied Housing Units Heated by Electricity;61522
Rutherford County;;2020;Occupied Housing Units Heated by Electricity;19989
Beaufort County;;2020;Occupied Housing Units Heated by Fuel Oil;459
Brunswick County;;2020;Occupied Housing Units Heated by Fuel Oil;571
Chowan County;;2020;Occupied Housing Units Heated by Fuel Oil;267
Cleveland County;;2020;Occupied Housing Units Heated by Fuel Oil;916
Davie County;;2020;Occupied Housing Units Heated by Fuel Oil;966
Halifax County;;2020;Occupied Housing Units Heated by Fuel Oil;929
Haywood County;;2020;Occupied Housing Units Heated by Fuel Oil;5549
Henderson County;;2020;Occupied Housing Units Heated by Fuel Oil;1455
Hoke County;;2020;Occupied Housing Units Heated by Fuel Oil;135
Jackson County;;2020;Occupied Housing Units Heated by Fuel Oil;845
Martin County;;2020;Occupied Housing Units Heated by Fuel Oil;498
Person County;;2020;Occupied Housing Units Heated by Fuel Oil;296
Richmond County;;2020;Occupied Housing Units Heated by Fuel Oil;597
Stokes County;;2020;Occupied Housing Units Heated by Fuel Oil;1844
Alamance County;;2020;Occ Housing Units Heated by Coal, Wood, Solar, or Other;1101
Alexander County;;2020;Occ Housing Units Heated by Coal, Wood, Solar, or Other;606
Avery County;;2020;Occ Housing Units Heated by Coal, Wood, Solar, or Other;885
Buncombe County;;2020;Occ Housing Units Heated by Coal, Wood, Solar, or Other;3821
Chatham County;;2020;Occ Housing Units Heated by Coal, Wood, Solar, or Other;912
Chowan County;;2020;Occ Housing Units Heated by Coal, Wood, Solar, or Other;184
Guilford County;;2020;Occ Housing Units Heated by Coal, Wood, Solar, or Other;1926
Hertford County;;2020;Occ Housing Units Heated by Coal, Wood, Solar, or Other;157
Hoke County;;2020;Occ Housing Units Heated by Coal, Wood, Solar, or Other;134
Hyde County;;2020;Occ Housing Units Heated by Coal, Wood, Solar, or Other;32
Johnston County;;2020;Occ Housing Units Heated by Coal, Wood, Solar, or Other;761
Macon County;;2020;Occ Housing Units Heated by Coal, Wood, Solar, or Other;1369
Mecklenburg County;;2020;Occ Housing Units Heated by Coal, Wood, Solar, or Other;1084
Robeson County;;2020;Occ Housing Units Heated by Coal, Wood, Solar, or Other;847
Stanly County;;2020;Occ Housing Units Heated by Coal, Wood, Solar, or Other;484
Watauga County;;2020;Occ Housing Units Heated by Coal, Wood, Solar, or Other;1631
Caswell County;;2020;Occupied Housing Units without House Heating Fuel;133
Cumberland County;;2020;Occupied Housing Units without House Heating Fuel;809
Currituck County;;2020;Occupied Housing Units without House Heating Fuel;92
Davie County;;2020;Occupied Housing Units without House Heating Fuel;191
Guilford County;;2020;Occupied Housing Units without House Heating Fuel;738
Halifax County;;2020;Occupied Housing Units without House Heating Fuel;35
Haywood County;;2020;Occupied Housing Units without House Heating Fuel;159
Iredell County;;2020;Occupied Housing Units without House Heating Fuel;304
Pasquotank County;;2020;Occupied Housing Units without House Heating Fuel;198
Rowan County;;2020;Occupied Housing Units without House Heating Fuel;310
Rutherford County;;2020;Occupied Housing Units without House Heating Fuel;151
Wilkes County;;2020;Occupied Housing Units without House Heating Fuel;228
Ashe County;;2020;Occ Housing Units Heated by Gas Piped Underground;376
Brunswick County;;2020;Occ Housing Units Heated by Gas Piped Underground;1455
Carteret County;;2020;Occ Housing Units Heated by Gas Piped Underground;636
Cleveland County;;2020;Occ Housing Units Heated by Gas Piped Underground;7905
Hertford County;;2020;Occ Housing Units Heated by Gas Piped Underground;696
Lee County;;2020;Occ Housing Units Heated by Gas Piped Underground;3022
Madison County;;2020;Occ Housing Units Heated by Gas Piped Underground;230
Pasquotank County;;2020;Occ Housing Units Heated by Gas Piped Underground;582
Union County;;2020;Occ Housing Units Heated by Gas Piped Underground;34706
Cabarrus County;;2020;Occ Housing Units Heated by Bottled Tank or LP Gas Fuel;2044
Camden County;;2020;Occ Housing Units Heated by Bottled Tank or LP Gas Fuel;598
Chowan County;;2020;Occ Housing Units Heated by Bottled Tank or LP Gas Fuel;1470
Craven County;;2020;Occ Housing Units Heated by Bottled Tank or LP Gas Fuel;4434
Davidson County;;2020;Occ Housing Units Heated by Bottled Tank or LP Gas Fuel;2874
Edgecombe County;;2020;Occ Housing Units Heated by Bottled Tank or LP Gas Fuel;2999
Hertford County;;2020;Occ Housing Units Heated by Bottled Tank or LP Gas Fuel;2099
Jackson County;;2020;Occ Housing Units Heated by Bottled Tank or LP Gas Fuel;3677
Johnston County;;2020;Occ Housing Units Heated by Bottled Tank or LP Gas Fuel;7386
Lenoir County;;2020;Occ Housing Units Heated by Bottled Tank or LP Gas Fuel;3022
Martin County;;2020;Occ Housing Units Heated by Bottled Tank or LP Gas Fuel;2527
Perquimans County;;2020;Occ Housing Units Heated by Bottled Tank or LP Gas Fuel;1192
Avery County;;2020;Occupied Housing Units Heated by Electricity;2512
Clay County;;2020;Occupied Housing Units Heated by Electricity;3123
Durham County;;2020;Occupied Housing Units Heated by Electricity;76938
Franklin County;;2020;Occupied Housing Units Heated by Electricity;17787
Gates County;;2020;Occupied Housing Units Heated by Electricity;3043
Granville County;;2020;Occupied Housing Units Heated by Electricity;13465
Lee County;;2020;Occupied Housing Units Heated by Electricity;16794
Macon County;;2020;Occupied Housing Units Heated by Electricity;9533
Madison County;;2020;Occupied Housing Units Heated by Electricity;3433
Northampton County;;2020;Occupied Housing Units Heated by Electricity;5313
Stokes County;;2020;Occupied Housing Units Heated by Electricity;14699
Surry County;;2020;Occupied Housing Units Heated by Electricity;20694
Alexander County;;2020;Occupied Housing Units Heated by Fuel Oil;919
Avery County;;2020;Occupied Housing Units Heated by Fuel Oil;1574
Buncombe County;;2020;Occupied Housing Units Heated by Fuel Oil;9315
Cabarrus County;;2020;Occupied Housing Units Heated by Fuel Oil;985
Cherokee County;;2020;Occupied Housing Units Heated by Fuel Oil;641
Cumberland County;;2020;Occupied Housing Units Heated by Fuel Oil;934
Forsyth County;;2020;Occupied Housing Units Heated by Fuel Oil;7496
Lenoir County;;2020;Occupied Housing Units Heated by Fuel Oil;217
Madison County;;2020;Occupied Housing Units Heated by Fuel Oil;1860
Moore County;;2020;Occupied Housing Units Heated by Fuel Oil;1168
Pender County;;2020;Occupied Housing Units Heated by Fuel Oil;436
Pitt County;;2020;Occupied Housing Units Heated by Fuel Oil;318
Rockingham County;;2020;Occupied Housing Units Heated by Fuel Oil;1548
Rutherford County;;2020;Occupied Housing Units Heated by Fuel Oil;1564
Sampson County;;2020;Occupied Housing Units Heated by Fuel Oil;263
Scotland County;;2020;Occupied Housing Units Heated by Fuel Oil;112
Watauga County;;2020;Occupied Housing Units Heated by Fuel Oil;3718
Anson County;;2020;Occ Housing Units Heated by Coal, Wood, Solar, or Other;182
Ashe County;;2020;Occ Housing Units Heated by Coal, Wood, Solar, or Other;1606
Burke County;;2020;Occ Housing Units Heated by Coal, Wood, Solar, or Other;1701
Durham County;;2020;Occ Housing Units Heated by Coal, Wood, Solar, or Other;659
Graham County;;2020;Occ Housing Units Heated by Coal, Wood, Solar, or Other;527
Greene County;;2020;Occ Housing Units Heated by Coal, Wood, Solar, or Other;38
Harnett County;;2020;Occ Housing Units Heated by Coal, Wood, Solar, or Other;257
Jackson County;;2020;Occ Housing Units Heated by Coal, Wood, Solar, or Other;1151
New Hanover County;;2020;Occ Housing Units Heated by Coal, Wood, Solar, or Other;428
Polk County;;2020;Occ Housing Units Heated by Coal, Wood, Solar, or Other;807
Stokes County;;2020;Occ Housing Units Heated by Coal, Wood, Solar, or Other;882
Tyrrell County;;2020;Occ Housing Units Heated by Coal, Wood, Solar, or Other;30
Alexander County;;2020;Occupied Housing Units without House Heating Fuel;95
Caldwell County;;2020;Occupied Housing Units without House Heating Fuel;308
Dare County;;2020;Occupied Housing Units without House Heating Fuel;34
Granville County;;2020;Occupied Housing Units without House Heating Fuel;50
Henderson County;;2020;Occupied Housing Units without House Heating Fuel;213
Hyde County;;2020;Occupied Housing Units without House Heating Fuel;0
Johnston County;;2020;Occupied Housing Units without House Heating Fuel;471
McDowell County;;2020;Occupied Housing Units without House Heating Fuel;118
Mecklenburg County;;2020;Occupied Housing Units without House Heating Fuel;1080
Northampton County;;2020;Occupied Housing Units without House Heating Fuel;9
Randolph County;;2020;Occupied Housing Units without House Heating Fuel;386
Rockingham County;;2020;Occupied Housing Units without House Heating Fuel;348
Stanly County;;2020;Occupied Housing Units without House Heating Fuel;103
Warren County;;2020;Occupied Housing Units without House Heating Fuel;28
Avery County;;2020;Occ Housing Units Heated by Gas Piped Underground;291
Caswell County;;2020;Occ Housing Units Heated by Gas Piped Underground;507
Clay County;;2020;Occ Housing Units Heated by Gas Piped Underground;162
Duplin County;;2020;Occ Housing Units Heated by Gas Piped Underground;525
Edgecombe County;;2020;Occ Housing Units Heated by Gas Piped Underground;5431
Halifax County;;2020;Occ Housing Units Heated by Gas Piped Underground;3521
McDowell County;;2020;Occ Housing Units Heated by Gas Piped Underground;369
Martin County;;2020;Occ Housing Units Heated by Gas Piped Underground;403
Mecklenburg County;;2020;Occ Housing Units Heated by Gas Piped Underground;204870
Orange County;;2020;Occ Housing Units Heated by Gas Piped Underground;17322
Stokes County;;2020;Occ Housing Units Heated by Gas Piped Underground;717
Warren County;;2020;Occ Housing Units Heated by Gas Piped Underground;505
Dare County;;2020;Occ Housing Units Heated by Bottled Tank or LP Gas Fuel;974
Graham County;;2020;Occ Housing Units Heated by Bottled Tank or LP Gas Fuel;456
Granville County;;2020;Occ Housing Units Heated by Bottled Tank or LP Gas Fuel;3583
Henderson County;;2020;Occ Housing Units Heated by Bottled Tank or LP Gas Fuel;2624
Lincoln County;;2020;Occ Housing Units Heated by Bottled Tank or LP Gas Fuel;1733
Macon County;;2020;Occ Housing Units Heated by Bottled Tank or LP Gas Fuel;3824
Pamlico County;;2020;Occ Housing Units Heated by Bottled Tank or LP Gas Fuel;1018
Pitt County;;2020;Occ Housing Units Heated by Bottled Tank or LP Gas Fuel;3964
Watauga County;;2020;Occ Housing Units Heated by Bottled Tank or LP Gas Fuel;4326
Alleghany County;;2020;Occupied Housing Units Heated by Electricity;2170
Bladen County;;2020;Occupied Housing Units Heated by Electricity;9641
Hyde County;;2020;Occupied Housing Units Heated by Electricity;688
Johnston County;;2020;Occupied Housing Units Heated by Electricity;55010
Lenoir County;;2020;Occupied Housing Units Heated by Electricity;16197
Lincoln County;;2020;Occupied Housing Units Heated by Electricity;24732
McDowell County;;2020;Occupied Housing Units Heated by Electricity;12634
Moore County;;2020;Occupied Housing Units Heated by Electricity;32625
Nash County;;2020;Occupied Housing Units Heated by Electricity;23451
Pasquotank County;;2020;Occupied Housing Units Heated by Electricity;11384
Person County;;2020;Occupied Housing Units Heated by Electricity;10067
Robeson County;;2020;Occupied Housing Units Heated by Electricity;34921
Sampson County;;2020;Occupied Housing Units Heated by Electricity;17338
Tyrrell County;;2020;Occupied Housing Units Heated by Electricity;1087
Union County;;2020;Occupied Housing Units Heated by Electricity;34939
Washington County;;2020;Occupied Housing Units Heated by Electricity;3341
Wayne County;;2020;Occupied Housing Units Heated by Electricity;38014
Wilkes County;;2020;Occupied Housing Units Heated by Electricity;20146
Yancey County;;2020;Occupied Housing Units Heated by Electricity;2327
Anson County;;2020;Occupied Housing Units Heated by Fuel Oil;461
Carteret County;;2020;Occupied Housing Units Heated by Fuel Oil;213
Davidson County;;2020;Occupied Housing Units Heated by Fuel Oil;3937
Lee County;;2020;Occupied Housing Units Heated by Fuel Oil;207
Mecklenburg County;;2020;Occupied Housing Units Heated by Fuel Oil;1285
Onslow County;;2020;Occupied Housing Units Heated by Fuel Oil;389
Pasquotank County;;2020;Occupied Housing Units Heated by Fuel Oil;490
Swain County;;2020;Occupied Housing Units Heated by Fuel Oil;314
Transylvania County;;2020;Occupied Housing Units Heated by Fuel Oil;824
Warren County;;2020;Occupied Housing Units Heated by Fuel Oil;580
Yancey County;;2020;Occupied Housing Units Heated by Fuel Oil;2307
Brunswick County;;2020;Occ Housing Units Heated by Coal, Wood, Solar, or Other;438
Cabarrus County;;2020;Occ Housing Units Heated by Coal, Wood, Solar, or Other;814
Caldwell County;;2020;Occ Housing Units Heated by Coal, Wood, Solar, or Other;1419
Carteret County;;2020;Occ Housing Units Heated by Coal, Wood, Solar, or Other;350
Caswell County;;2020;Occ Housing Units Heated by Coal, Wood, Solar, or Other;667
Cumberland County;;2020;Occ Housing Units Heated by Coal, Wood, Solar, or Other;490
Duplin County;;2020;Occ Housing Units Heated by Coal, Wood, Solar, or Other;95
Gaston County;;2020;Occ Housing Units Heated by Coal, Wood, Solar, or Other;730
Lee County;;2020;Occ Housing Units Heated by Coal, Wood, Solar, or Other;198
Montgomery County;;2020;Occ Housing Units Heated by Coal, Wood, Solar, or Other;464
Moore County;;2020;Occ Housing Units Heated by Coal, Wood, Solar, or Other;657
Onslow County;;2020;Occ Housing Units Heated by Coal, Wood, Solar, or Other;341
Perquimans County;;2020;Occ Housing Units Heated by Coal, Wood, Solar, or Other;84
Person County;;2020;Occ Housing Units Heated by Coal, Wood, Solar, or Other;462
Randolph County;;2020;Occ Housing Units Heated by Coal, Wood, Solar, or Other;1592
Rockingham County;;2020;Occ Housing Units Heated by Coal, Wood, Solar, or Other;1107
Transylvania County;;2020;Occ Housing Units Heated by Coal, Wood, Solar, or Other;1039
Alleghany County;;2020;Occupied Housing Units without House Heating Fuel;0
Camden County;;2020;Occupied Housing Units without House Heating Fuel;42
Carteret County;;2020;Occupied Housing Units without House Heating Fuel;200
Jackson County;;2020;Occupied Housing Units without House Heating Fuel;51
Lee County;;2020;Occupied Housing Units without House Heating Fuel;71
Moore County;;2020;Occupied Housing Units without House Heating Fuel;250
Wilson County;;2020;Occupied Housing Units without House Heating Fuel;178
Alamance County;;2020;Occ Housing Units Heated by Gas Piped Underground;26842
Bertie County;;2020;Occ Housing Units Heated by Gas Piped Underground;180
Currituck County;;2020;Occ Housing Units Heated by Gas Piped Underground;86
Granville County;;2020;Occ Housing Units Heated by Gas Piped Underground;3545
Jackson County;;2020;Occ Housing Units Heated by Gas Piped Underground;418
Lincoln County;;2020;Occ Housing Units Heated by Gas Piped Underground;5377
Person County;;2020;Occ Housing Units Heated by Gas Piped Underground;2680
Randolph County;;2020;Occ Housing Units Heated by Gas Piped Underground;8836
Rockingham County;;2020;Occ Housing Units Heated by Gas Piped Underground;9152
Swain County;;2020;Occ Housing Units Heated by Gas Piped Underground;53
Watauga County;;2020;Occ Housing Units Heated by Gas Piped Underground;871
Wayne County;;2020;Occ Housing Units Heated by Gas Piped Underground;3388
Wilkes County;;2020;Occ Housing Units Heated by Gas Piped Underground;567
Alamance County;;2020;Occ Housing Units Heated by Bottled Tank or LP Gas Fuel;4005
Alexander County;;2020;Occ Housing Units Heated by Bottled Tank or LP Gas Fuel;744
Bertie County;;2020;Occ Housing Units Heated by Bottled Tank or LP Gas Fuel;2336
Cumberland County;;2020;Occ Housing Units Heated by Bottled Tank or LP Gas Fuel;5066
Currituck County;;2020;Occ Housing Units Heated by Bottled Tank or LP Gas Fuel;1003
Forsyth County;;2020;Occ Housing Units Heated by Bottled Tank or LP Gas Fuel;3766
Greene County;;2020;Occ Housing Units Heated by Bottled Tank or LP Gas Fuel;1474
Guilford County;;2020;Occ Housing Units Heated by Bottled Tank or LP Gas Fuel;6132
Hyde County;;2020;Occ Housing Units Heated by Bottled Tank or LP Gas Fuel;1018
Montgomery County;;2020;Occ Housing Units Heated by Bottled Tank or LP Gas Fuel;1068
Nash County;;2020;Occ Housing Units Heated by Bottled Tank or LP Gas Fuel;5739
Onslow County;;2020;Occ Housing Units Heated by Bottled Tank or LP Gas Fuel;1685
Pasquotank County;;2020;Occ Housing Units Heated by Bottled Tank or LP Gas Fuel;2006
Rockingham County;;2020;Occ Housing Units Heated by Bottled Tank or LP Gas Fuel;2473
Sampson County;;2020;Occ Housing Units Heated by Bottled Tank or LP Gas Fuel;4186
Surry County;;2020;Occ Housing Units Heated by Bottled Tank or LP Gas Fuel;2242
Swain County;;2020;Occ Housing Units Heated by Bottled Tank or LP Gas Fuel;1092
Warren County;;2020;Occ Housing Units Heated by Bottled Tank or LP Gas Fuel;1359
Wayne County;;2020;Occ Housing Units Heated by Bottled Tank or LP Gas Fuel;6241
Wilson County;;2020;Occ Housing Units Heated by Bottled Tank or LP Gas Fuel;3020
Buncombe County;;2020;Occupied Housing Units Heated by Electricity;66265
Cabarrus County;;2020;Occupied Housing Units Heated by Electricity;38531
Davie County;;2020;Occupied Housing Units Heated by Electricity;11234
Guilford County;;2020;Occupied Housing Units Heated by Electricity;111563
Harnett County;;2020;Occupied Housing Units Heated by Electricity;37146
New Hanover County;;2020;Occupied Housing Units Heated by Electricity;86482
Polk County;;2020;Occupied Housing Units Heated by Electricity;5771
Randolph County;;2020;Occupied Housing Units Heated by Electricity;38202
Stanly County;;2020;Occupied Housing Units Heated by Electricity;17252
Ashe County;;2020;Occupied Housing Units Heated by Fuel Oil;3092
Bladen County;;2020;Occupied Housing Units Heated by Fuel Oil;118
Columbus County;;2020;Occupied Housing Units Heated by Fuel Oil;426
Duplin County;;2020;Occupied Housing Units Heated by Fuel Oil;222
Durham County;;2020;Occupied Housing Units Heated by Fuel Oil;817
Gaston County;;2020;Occupied Housing Units Heated by Fuel Oil;933
Gates County;;2020;Occupied Housing Units Heated by Fuel Oil;133
Greene County;;2020;Occupied Housing Units Heated by Fuel Oil;166
Hertford County;;2020;Occupied Housing Units Heated by Fuel Oil;351
Hyde County;;2020;Occupied Housing Units Heated by Fuel Oil;110
Lincoln County;;2020;Occupied Housing Units Heated by Fuel Oil;1023
McDowell County;;2020;Occupied Housing Units Heated by Fuel Oil;1914
Nash County;;2020;Occupied Housing Units Heated by Fuel Oil;157
Perquimans County;;2020;Occupied Housing Units Heated by Fuel Oil;109
Stanly County;;2020;Occupied Housing Units Heated by Fuel Oil;1847
Wilkes County;;2020;Occupied Housing Units Heated by Fuel Oil;2823
Cleveland County;;2020;Occ Housing Units Heated by Coal, Wood, Solar, or Other;736
Dare County;;2020;Occ Housing Units Heated by Coal, Wood, Solar, or Other;137
Halifax County;;2020;Occ Housing Units Heated by Coal, Wood, Solar, or Other;331
Haywood County;;2020;Occ Housing Units Heated by Coal, Wood, Solar, or Other;2130
Nash County;;2020;Occ Housing Units Heated by Coal, Wood, Solar, or Other;348
Pitt County;;2020;Occ Housing Units Heated by Coal, Wood, Solar, or Other;161
Surry County;;2020;Occ Housing Units Heated by Coal, Wood, Solar, or Other;1404
Wayne County;;2020;Occ Housing Units Heated by Coal, Wood, Solar, or Other;196
Wilson County;;2020;Occ Housing Units Heated by Coal, Wood, Solar, or Other;194
Yancey County;;2020;Occ Housing Units Heated by Coal, Wood, Solar, or Other;1183
Bladen County;;2020;Occupied Housing Units without House Heating Fuel;21
Cabarrus County;;2020;Occupied Housing Units without House Heating Fuel;284
Craven County;;2020;Occupied Housing Units without House Heating Fuel;134
Davidson County;;2020;Occupied Housing Units without House Heating Fuel;674
Duplin County;;2020;Occupied Housing Units without House Heating Fuel;68
Forsyth County;;2020;Occupied Housing Units without House Heating Fuel;657
Gates County;;2020;Occupied Housing Units without House Heating Fuel;33
Hoke County;;2020;Occupied Housing Units without House Heating Fuel;132
Lincoln County;;2020;Occupied Housing Units without House Heating Fuel;158
Mitchell County;;2020;Occupied Housing Units without House Heating Fuel;15
Onslow County;;2020;Occupied Housing Units without House Heating Fuel;455
Person County;;2020;Occupied Housing Units without House Heating Fuel;1
Polk County;;2020;Occupied Housing Units without House Heating Fuel;27
Cabarrus County;;2020;Occ Housing Units Heated by Gas Piped Underground;30185
Chatham County;;2020;Occ Housing Units Heated by Gas Piped Underground;8634
Cumberland County;;2020;Occ Housing Units Heated by Gas Piped Underground;22925
Dare County;;2020;Occ Housing Units Heated by Gas Piped Underground;208
Franklin County;;2020;Occ Housing Units Heated by Gas Piped Underground;2798
Haywood County;;2020;Occ Housing Units Heated by Gas Piped Underground;492
Henderson County;;2020;Occ Housing Units Heated by Gas Piped Underground;13264
Hyde County;;2020;Occ Housing Units Heated by Gas Piped Underground;208
Mitchell County;;2020;Occ Housing Units Heated by Gas Piped Underground;293
Montgomery County;;2020;Occ Housing Units Heated by Gas Piped Underground;241
New Hanover County;;2020;Occ Housing Units Heated by Gas Piped Underground;8012
Pender County;;2020;Occ Housing Units Heated by Gas Piped Underground;479
Sampson County;;2020;Occ Housing Units Heated by Gas Piped Underground;1118
Scotland County;;2020;Occ Housing Units Heated by Gas Piped Underground;1228
Stanly County;;2020;Occ Housing Units Heated by Gas Piped Underground;1615
Vance County;;2020;Occ Housing Units Heated by Gas Piped Underground;2110
Alleghany County;;2020;Occ Housing Units Heated by Bottled Tank or LP Gas Fuel;856
Beaufort County;;2020;Occ Housing Units Heated by Bottled Tank or LP Gas Fuel;5817
Bladen County;;2020;Occ Housing Units Heated by Bottled Tank or LP Gas Fuel;2815
Duplin County;;2020;Occ Housing Units Heated by Bottled Tank or LP Gas Fuel;4688
Gates County;;2020;Occ Housing Units Heated by Bottled Tank or LP Gas Fuel;1240
Harnett County;;2020;Occ Housing Units Heated by Bottled Tank or LP Gas Fuel;4800
Haywood County;;2020;Occ Housing Units Heated by Bottled Tank or LP Gas Fuel;3484
Jones County;;2020;Occ Housing Units Heated by Bottled Tank or LP Gas Fuel;627
Lee County;;2020;Occ Housing Units Heated by Bottled Tank or LP Gas Fuel;1998
Moore County;;2020;Occ Housing Units Heated by Bottled Tank or LP Gas Fuel;3402
New Hanover County;;2020;Occ Housing Units Heated by Bottled Tank or LP Gas Fuel;1912
Orange County;;2020;Occ Housing Units Heated by Bottled Tank or LP Gas Fuel;3985
Person County;;2020;Occ Housing Units Heated by Bottled Tank or LP Gas Fuel;2647
Robeson County;;2020;Occ Housing Units Heated by Bottled Tank or LP Gas Fuel;5652
Scotland County;;2020;Occ Housing Units Heated by Bottled Tank or LP Gas Fuel;1477
Union County;;2020;Occ Housing Units Heated by Bottled Tank or LP Gas Fuel;6317
Washington County;;2020;Occ Housing Units Heated by Bottled Tank or LP Gas Fuel;1415
Alexander County;;2020;Occupied Housing Units Heated by Electricity;11191
Beaufort County;;2020;Occupied Housing Units Heated by Electricity;11162
Chatham County;;2020;Occupied Housing Units Heated by Electricity;15624
Craven County;;2020;Occupied Housing Units Heated by Electricity;30255
Edgecombe County;;2020;Occupied Housing Units Heated by Electricity;11763
Forsyth County;;2020;Occupied Housing Units Heated by Electricity;93626
Hertford County;;2020;Occupied Housing Units Heated by Electricity;5579
Jackson County;;2020;Occupied Housing Units Heated by Electricity;10866
Martin County;;2020;Occupied Housing Units Heated by Electricity;5897
Mecklenburg County;;2020;Occupied Housing Units Heated by Electricity;208684
Pender County;;2020;Occupied Housing Units Heated by Electricity;19710
Rockingham County;;2020;Occupied Housing Units Heated by Electricity;23904
Vance County;;2020;Occupied Housing Units Heated by Electricity;11721
Warren County;;2020;Occupied Housing Units Heated by Electricity;5391
Macon County;;2020;Occupied Housing Units Heated by Fuel Oil;676
Northampton County;;2020;Occupied Housing Units Heated by Fuel Oil;422
Polk County;;2020;Occupied Housing Units Heated by Fuel Oil;508
Randolph County;;2020;Occupied Housing Units Heated by Fuel Oil;2798
Rowan County;;2020;Occupied Housing Units Heated by Fuel Oil;1388
Vance County;;2020;Occupied Housing Units Heated by Fuel Oil;819
Washington County;;2020;Occupied Housing Units Heated by Fuel Oil;221
Yadkin County;;2020;Occupied Housing Units Heated by Fuel Oil;1558
Franklin County;;2020;Occ Housing Units Heated by Coal, Wood, Solar, or Other;475
Henderson County;;2020;Occ Housing Units Heated by Coal, Wood, Solar, or Other;1483
Madison County;;2020;Occ Housing Units Heated by Coal, Wood, Solar, or Other;1506
Mitchell County;;2020;Occ Housing Units Heated by Coal, Wood, Solar, or Other;763
Pasquotank County;;2020;Occ Housing Units Heated by Coal, Wood, Solar, or Other;125
Union County;;2020;Occ Housing Units Heated by Coal, Wood, Solar, or Other;1040
Wilkes County;;2020;Occ Housing Units Heated by Coal, Wood, Solar, or Other;1832
Yadkin County;;2020;Occ Housing Units Heated by Coal, Wood, Solar, or Other;580
Beaufort County;;2020;Occupied Housing Units without House Heating Fuel;64
Bertie County;;2020;Occupied Housing Units without House Heating Fuel;40
Catawba County;;2020;Occupied Housing Units without House Heating Fuel;326
Cherokee County;;2020;Occupied Housing Units without House Heating Fuel;12
Chowan County;;2020;Occupied Housing Units without House Heating Fuel;53
Clay County;;2020;Occupied Housing Units without House Heating Fuel;0
Cleveland County;;2020;Occupied Housing Units without House Heating Fuel;222
Edgecombe County;;2020;Occupied Housing Units without House Heating Fuel;30
Franklin County;;2020;Occupied Housing Units without House Heating Fuel;227
Gaston County;;2020;Occupied Housing Units without House Heating Fuel;751
Lenoir County;;2020;Occupied Housing Units without House Heating Fuel;147
Montgomery County;;2020;Occupied Housing Units without House Heating Fuel;105
Pender County;;2020;Occupied Housing Units without House Heating Fuel;151
Pitt County;;2020;Occupied Housing Units without House Heating Fuel;367
Richmond County;;2020;Occupied Housing Units without House Heating Fuel;81
Surry County;;2020;Occupied Housing Units without House Heating Fuel;563
Union County;;2020;Occupied Housing Units without House Heating Fuel;233
